"id","classe","coscienziosità","apertura","stabilità.emotiva","estroversione","amicalità","altezza","ore.studio","BMI","media.voti","squadra"
1,1,3.1,3.1,4.9,2.4,2.3,177.4,6.5,21.8,6.3,"Milan"
2,1,1.3,3.6,1.8,3.9,3.9,182.1,4.8,20.9,5.5,"Napoli"
3,1,1.2,2.3,3.6,2.4,4.6,167.8,5.4,24.3,4.8,"Napoli"
4,2,3.1,4.1,4.1,3,2.9,172.5,7.7,23.5,6.8,"Juventus"
5,5,3.7,4.2,3.6,1.3,4.8,167.6,12.5,20.6,8.4,"Milan"
6,5,1.6,2,1.4,4.9,3.2,176.3,11.4,21.5,7,"Inter"
7,1,1.4,3.3,2.2,2.6,2.9,174.8,9.4,22.9,6.7,"Milan"
8,5,2.3,1.1,4.4,2.8,3.6,176.8,10.3,22.2,6.6,"Inter"
9,1,2.3,1.6,1,1.8,2.3,173.8,6.1,21.5,5.3,"Milan"
10,5,1.2,4.2,1.8,3.5,1.9,172.4,12.2,25.2,7.1,"Juventus"
11,1,2.1,2.9,1.2,4.7,1.1,168.7,8.8,24.1,6,"Inter"
12,5,3.9,1.7,3.1,1.9,3.8,168.4,10.4,19.9,7.2,"Napoli"
13,1,1.4,1.6,1.2,4.8,3.1,168.5,4.2,21.6,4.9,"Milan"
14,2,1.3,3,4.4,3.9,3.4,165.5,8,17.2,6.9,"Juventus"
15,2,2.8,3.3,4.5,3.1,1.3,178.7,8.1,22.4,6.8,"Inter"
16,1,5,4.3,4,3.2,2.2,169.4,8.2,23.5,7.2,"Juventus"
17,3,2.3,4.8,4.5,2,2.4,171.8,10.6,25.6,7.2,"Juventus"
18,1,2.3,4.6,2.3,1.8,3.7,175.6,8.8,21.6,7.1,"Inter"
19,4,2.6,4.3,3.1,4,2,174.2,9.6,18.5,7.3,"Inter"
20,2,4.4,2.8,2.5,1.1,4.7,167.5,6,21.3,6.2,"Inter"
21,3,3.6,2,3.2,1.7,4.3,179.2,10.2,23.9,6.9,"Napoli"
22,3,1.2,4.8,1.9,4.9,2.5,161.6,8.7,24.2,6.4,"Juventus"
23,5,2.3,4.9,4.9,3.1,4.9,176.5,8.8,21.4,7.7,"Inter"
24,2,3.1,2.5,2.7,4.9,3.9,174.7,7,21.3,6.4,"Milan"
25,3,1.2,3.2,2,3.2,2.3,181.9,8.7,24.1,5.8,"Juventus"
26,5,1.6,2.9,2.4,3,4,167.5,11,20.8,7.5,"Inter"
27,3,3.1,4.7,3.7,2.5,1.3,167.3,12.3,19.8,8.2,"Juventus"
28,4,3.4,1.5,2.3,2.8,4.9,166.3,11.5,23.4,7.2,"Inter"
29,1,1.5,1.1,2.8,2,1.3,168.6,5.1,19.3,4.7,"Milan"
30,2,4.5,1.6,1,1.8,4,180,8.9,25.9,6,"Napoli"
31,2,3.3,1.9,3.4,3,3.8,173.3,9.8,25.2,7.3,"Juventus"
32,3,2.6,1.5,3.9,4.7,3.3,175.3,9.9,20.8,6.9,"Napoli"
33,4,2.2,1.9,4,2.8,1.7,168.1,9,22.2,6.4,"Napoli"
34,1,1.6,1.5,2.6,1.2,4.7,165,3.8,20.5,5,"Milan"
35,5,1,5,2,1.1,4.5,170,9.3,22.8,6.6,"Juventus"
36,1,2.2,4.5,2.5,3.7,3,170.9,6.7,20.6,6.1,"Milan"
37,1,3.6,2.4,3.4,3.8,2.5,168.4,5.8,22.5,5.4,"Napoli"
38,3,3.9,1.4,3.5,2.5,2.2,165.2,8.7,20.7,7,"Napoli"
39,2,4.3,4.3,1.4,2.4,4.1,172.5,9.2,19.7,7.3,"Juventus"
40,3,3.5,4.7,3.3,1.6,4.2,173.6,7.5,20.8,6.6,"Juventus"
41,2,4.6,3.2,3.6,3.5,4.2,167.6,12.3,18.6,8,"Juventus"
42,3,2.3,5,4.2,2.1,2.6,174.8,8.7,22.5,7.3,"Milan"
43,3,4.7,2.2,3.8,3.1,2,174.9,11.2,20.8,7.6,"Juventus"
44,3,4.5,2,1.8,3.8,2.3,178.8,10.4,22,7,"Juventus"
45,5,3.9,4.9,3,1.3,3.4,170.9,13.8,21,8.9,"Juventus"
46,2,2.1,2.9,2.8,5,1,174.4,7.3,22.3,6.5,"Napoli"
47,1,1.4,2.8,4.1,4.6,2.9,164.8,9.8,24.1,6.5,"Inter"
48,1,3.4,4.9,2,1.7,1.5,184.5,8.9,23.3,6.5,"Milan"
49,2,4.6,4.3,3.4,2.2,4.5,163.4,9.2,25.4,7.3,"Juventus"
50,3,4.7,2.6,2.3,1.6,3.3,175.1,10.8,21.9,7.4,"Juventus"
51,3,1.7,3.3,4.9,4.4,3.3,170.4,10.1,25.1,6.6,"Inter"
52,2,2.5,3.5,4.2,4.9,2.7,169.4,9.2,18.8,7.4,"Milan"
53,5,3.4,4.1,4.1,5,2.3,174.9,11.3,22.8,7.8,"Napoli"
54,1,4.8,2.5,1.6,3.1,3.6,171,10.4,17.9,7.9,"Juventus"
55,2,4.4,2.8,1.8,2.3,2,168.9,9.5,19,7.3,"Juventus"
56,5,4.9,3.8,2.4,3.1,1.9,177.6,13.9,18.1,8.6,"Juventus"
57,4,4.5,4.8,2.6,4,4.1,171.8,11.3,17.9,8.5,"Milan"
58,1,4.9,2.8,2.1,2.1,4.1,170.7,9.2,21.9,6.7,"Juventus"
59,4,3.4,4.3,3.3,3,4.1,174,10,22.1,7.9,"Milan"
60,3,3,3.5,1.5,4.6,2.8,172.4,11.4,21.2,7.5,"Milan"
61,2,1.4,3.1,3.7,2.1,1.9,171.8,9.8,23.4,6.4,"Milan"
62,3,2.2,4.4,1.7,1.7,3,173.8,8.5,18.1,6.5,"Milan"
63,4,4.6,1.4,1.2,4.3,1.6,176.6,11.8,18.7,8,"Juventus"
64,3,4.5,3.3,2.7,3.5,3.8,171,11.6,24.5,7.4,"Milan"
65,3,2.7,2.5,4.7,1.4,3.5,170.8,10.3,23.7,7.1,"Juventus"
66,5,2.2,1.2,1.3,3.2,1.6,176.2,11.6,21.3,6.4,"Juventus"
67,5,2.6,2,3.6,3.4,1,175.7,14.1,23.3,7.8,"Juventus"
68,1,2.8,4.7,4.2,3.5,4.7,169.6,7.2,23.2,6.8,"Inter"
69,1,1.7,3.4,3.8,2.4,1.2,171.1,8.8,20.5,6.5,"Napoli"
70,1,2.7,1.6,2.8,4,4.3,174.9,7.8,22,5.6,"Napoli"
71,1,4.5,2,3.5,4.1,3.1,170,6.5,21.3,5.8,"Napoli"
72,5,2.3,2.1,4.6,3.7,4.9,173.4,12.1,25.3,6.8,"Inter"
73,3,3.5,4,1.2,3.8,2.5,166.7,10.1,20.5,7.5,"Juventus"
74,4,2.4,1.6,4,3.4,4.8,165.4,13,21.5,7.7,"Inter"
75,2,3,4,2.6,1.7,1.8,171.2,8,20.9,6.7,"Milan"
76,4,1.6,2.7,3,3.6,1.2,172.3,8.9,24.9,6.2,"Inter"
77,3,2.3,4.7,3.8,4.6,3.6,172.7,10.7,19.6,7.3,"Juventus"
78,4,3.6,2.6,3.6,2.5,3.6,174.9,11.2,22.3,7,"Milan"
79,5,4.6,3.5,4,2.5,4.7,167.4,16.4,22,9.3,"Juventus"
80,4,4.3,1.2,3.2,1.3,3.6,172.1,12.7,21.9,7.7,"Napoli"
81,3,1.7,3.8,3.7,2.9,3.5,171.6,7.4,18.8,6.4,"Juventus"
82,3,1.5,3,2.6,4.2,1.4,168.6,9.3,19.9,6.4,"Inter"
83,4,4.3,2.2,1.9,4.6,3.3,173.3,11.5,21.3,7.5,"Napoli"
84,1,4.1,1.1,5,1.7,4,177.9,7.5,23.9,6,"Juventus"
85,2,4.6,3.9,4.7,4.4,3.6,175.3,8,24.5,7.4,"Milan"
86,2,1.1,3.2,2.2,1.9,4.2,176.4,3.4,22.6,4.7,"Juventus"
87,5,3.5,1.5,1.5,2.1,3.3,177.3,12.4,20.4,7.5,"Napoli"
88,1,4.8,4.4,2.8,2.9,1.2,170.9,14.4,23.7,8.7,"Juventus"
89,5,3.1,1,2.6,2.5,2.9,172,12.1,18.6,7.3,"Napoli"
90,1,1.3,1.9,4.4,2.9,3.6,174.5,7.9,24.8,5.8,"Inter"
91,1,3.4,2.8,3.4,3.1,3.8,171.1,8,22,7.1,"Napoli"
92,2,2.5,3.8,4.3,2.6,2.2,176.1,13.1,23,8.4,"Napoli"
93,4,2.4,1.9,2.5,4.3,4.5,170.5,9.6,18.9,6.1,"Napoli"
94,1,4.5,3.8,4.7,2.2,5,170.2,10.1,20.5,7.2,"Juventus"
95,3,3.3,3.4,1.9,3.4,4.1,173.8,9.4,27,6.3,"Juventus"
96,3,1,1,1,4.9,4.9,177.9,8.5,24.2,4.8,"Inter"
97,3,4.2,3.9,1.4,2.5,4.2,165.5,9.5,22.8,7.1,"Juventus"
98,2,1.7,4.7,4.1,3.1,4.7,169,6.2,22,6.2,"Inter"
99,1,1.4,1.8,4.6,3.3,3.5,172.1,5.8,25.1,5.4,"Milan"
100,5,1.8,2.5,2.1,4,2.5,174.2,9.8,23.5,6.6,"Juventus"
101,1,3.7,4,3.5,1.1,5,180.6,9.9,24.9,6.9,"Milan"
102,3,4.4,3.6,3.6,4.9,4.5,170.6,11.9,20.2,7.9,"Milan"
103,3,3.5,2.4,4.8,2.5,2.3,162.4,13.7,21.6,8.5,"Inter"
104,4,4.6,3.3,1.7,1.5,2.1,165.4,11,21.8,7.5,"Juventus"
105,4,3.1,4.6,4.6,4.4,4.5,171.8,12.1,23.1,7.9,"Inter"
106,1,2.5,2.5,2.5,1,3,164.2,6.6,23.5,5.8,"Juventus"
107,2,3.4,2.1,4.5,1.8,3.8,174.9,9.8,20.5,7.1,"Juventus"
108,2,2.9,4.1,2.9,3.5,1.2,172.4,9.3,22.9,7.2,"Napoli"
109,2,2.8,4.5,4,2.6,4.1,173.8,11.2,23.7,7.3,"Juventus"
110,3,1.9,5,2,4,3.2,179.6,10.7,18.2,7.8,"Juventus"
111,5,3,1.9,3.5,4.1,3.3,170.9,11.1,22.6,7.8,"Inter"
112,2,1.2,3,1.1,1.1,3.7,162.2,6.5,19.2,6,"Milan"
113,1,4.9,4.6,4.9,3.2,3.5,172.4,7.7,21.9,8,"Napoli"
114,5,1.1,3.9,4.7,3.1,4.4,173.4,10.2,21.9,6.6,"Juventus"
115,3,2.1,3.1,4.4,2.8,4.4,171.7,10.5,20.4,7.5,"Juventus"
116,1,4,3.8,3.7,2.6,3.5,169.3,6.2,20.5,6.2,"Milan"
117,4,1.1,4.5,1.1,2.3,2.6,174.9,9.2,21.2,6.2,"Milan"
118,4,3,4.4,1.1,2.2,1.3,169.8,13.1,23.3,7.3,"Juventus"
119,2,3.8,4.1,3.1,3.8,2.6,164.4,10.4,22.5,7.1,"Juventus"
120,1,1,3.6,1.1,2,4.5,171.4,6.3,19,5.8,"Inter"
121,1,1.9,1.6,2.4,3.5,4.1,167.1,5.2,23.3,5,"Napoli"
122,2,2.9,4.9,1.5,3.1,1.2,170.7,11,18.5,7.9,"Inter"
123,2,3.2,2,3.7,1.7,1.6,169.3,9.4,26.6,5.8,"Napoli"
124,5,3.3,5,3.7,1.4,1.9,169.5,12.5,23.6,8.4,"Juventus"
125,2,1.5,3.2,1.9,2.4,2.1,166.8,5.8,21.3,4.9,"Inter"
126,1,1.4,4.7,1.3,4.9,2,172.6,3.2,21.4,5.2,"Juventus"
127,5,1.1,3.4,2.3,3.1,2,166.9,8.7,20.8,6.3,"Milan"
128,3,2.8,5,2.5,2.5,1.4,169.6,10.5,24.8,6.9,"Napoli"
129,3,3.3,1.1,1.1,5,3.7,172,5.7,22.8,5.2,"Juventus"
130,2,4,2.3,3.4,3,4.9,169.5,7.8,23.4,6.5,"Napoli"
131,5,2.6,1.8,3.6,1.6,1.8,173.5,10.2,20,6.7,"Juventus"
132,4,1.4,1.3,4.7,1.9,1.4,174.7,9.3,22.2,6.5,"Juventus"
133,5,3.2,4.6,4.6,4.5,4.3,167.3,10.9,21.7,8,"Napoli"
134,3,3.4,3.2,3.1,4.4,4.6,177.8,12.6,19,7.9,"Milan"
135,3,3.9,2.5,3.4,3.8,4.7,169.7,12,21.4,8.2,"Milan"
136,4,1.9,1.4,1,3.9,3.5,171.8,6.2,18.8,5.4,"Napoli"
137,2,4.2,2.5,2.2,3.9,4.3,169.4,10.6,26.5,6.9,"Milan"
138,3,1.5,1.4,2.2,2.8,1.5,167.8,9.9,24.5,6.7,"Inter"
139,1,1,2.4,3.3,2.8,4.2,171.5,4.4,24.5,4.8,"Juventus"
140,5,3.1,3.4,1.2,2.1,2.3,169,13.1,26.4,7.2,"Juventus"
141,5,1.7,1.5,4.8,3.6,3.5,172.3,11.1,21.9,6.9,"Milan"
142,1,1.6,1.8,4,3.6,1.6,170.5,7.1,22.1,5.9,"Napoli"
143,2,4.9,1.6,1.5,1.3,4.3,167.9,9.8,24.2,6.6,"Napoli"
144,2,1.3,4.4,4.6,3.1,3.1,179.7,9.3,27.5,6.4,"Juventus"
145,5,2.3,1.1,4.7,2.3,4,169.2,12.5,18.4,7.5,"Juventus"
146,4,4.5,3,2.3,4,3.6,167.9,12.6,23.9,7.7,"Inter"
147,3,2.6,2.3,1.3,3.2,2.4,171.8,10.3,21.8,6.5,"Napoli"
148,4,1.1,1.5,4.6,3.1,3.1,163.5,10.4,23.1,6.4,"Juventus"
149,5,3.3,4.9,1.8,2.1,3,176.4,14.5,24.2,8.7,"Inter"
150,2,4.4,2.3,4.1,3.8,1.4,172.7,8.1,22.2,7,"Juventus"
151,4,3.7,3.7,1,1.5,4.1,174.7,11.9,18.5,7.6,"Napoli"
152,3,3.5,3.7,2.8,2.5,2.7,169.8,9.7,19.4,6.8,"Juventus"
153,4,2.4,3.2,4,4.3,2.2,173.8,12.2,27.6,7.2,"Juventus"
154,1,2.4,2.3,1.9,3.1,4.2,168.6,6.3,24,5.6,"Milan"
155,2,3.4,3.6,1.9,1.4,2.7,171.2,8.7,23.2,6.4,"Juventus"
156,1,1.6,4.9,1.1,1.3,2.7,165.9,8.7,22.2,6.2,"Milan"
157,1,3.6,2,2.8,1.8,4.7,175.3,6.7,25.3,5.9,"Inter"
158,4,2.1,3.1,4.9,4.7,3.6,176.7,12.7,24.3,7.9,"Milan"
159,2,1.8,3.8,3.4,2.4,4.3,172.7,5.5,17.9,6.4,"Inter"
160,4,2.8,1.7,5,2.7,4.7,169.4,11,20.9,7.4,"Juventus"
161,1,4.8,1.2,4.3,4.3,2.4,172.3,10.5,24.3,7.3,"Inter"
162,1,1,2.6,3.5,3.8,4.9,165.4,6.5,23.4,5.1,"Inter"
163,2,3.9,2.7,1.2,1.9,4.1,167.3,9.3,23.5,6.6,"Juventus"
164,4,2,3.6,4.9,4.1,3.2,177.9,12.1,23.4,7.7,"Napoli"
165,4,4,2,4.3,3.8,4.8,171.9,9.9,19.8,6.9,"Inter"
166,2,2.5,2.1,4.4,1.5,1.7,176.3,4,19.1,5.9,"Inter"
167,2,4.7,3,2.3,2.5,2.8,174,11.9,22.3,7.8,"Milan"
168,4,3.1,2.9,2.1,1.3,3.1,167.8,10.2,19.6,7.4,"Juventus"
169,4,3.7,4.7,2.4,5,3.1,177,9,19.6,7.4,"Milan"
170,2,4.5,1.3,4.7,2.1,2.1,174,12.7,22.9,7.6,"Inter"
171,1,4.6,2.4,1.4,2.9,2.2,171.9,10.3,22,7,"Milan"
172,3,3.4,1.8,2.6,4.1,1.7,173.6,10.1,26.1,5.9,"Milan"
173,4,4.2,3.6,2.4,4.7,1.3,180.2,12.4,22.9,7.8,"Inter"
174,5,5,2.3,2.4,2.8,3.6,173.2,14.2,18.8,8.6,"Juventus"
175,2,3.7,4.2,1.4,3.1,3.2,172.4,7.6,26.8,6.1,"Juventus"
176,5,4,1.4,3.8,3.7,1.1,174.4,14,19.1,8.2,"Milan"
177,2,1.2,3.7,2.3,2.9,4.6,164.7,8.9,19.3,6.8,"Juventus"
178,1,3.5,4.5,4.7,2.1,2.4,165.7,11.4,17.5,8.2,"Milan"
179,4,2.2,2.7,2.4,4.3,3.6,174.3,6.5,21.3,6.3,"Inter"
180,5,4.3,3.4,3.9,3.7,1.3,172.1,11.8,20,8.5,"Inter"
181,5,2.2,1.8,2.6,3.9,1.9,173.5,9.7,22.9,6.5,"Inter"
182,2,4.2,2,4.5,3.9,4.9,179.6,9.3,23.1,7,"Inter"
183,1,1,5,4.8,1.7,1.9,175.9,1.1,22.9,4.7,"Juventus"
184,3,3.5,3.2,3.6,3.7,1.7,175,10.7,18.3,7.7,"Napoli"
185,1,2.2,4.1,2.7,1.7,1.5,169.2,7,21.6,6.2,"Milan"
186,3,1.3,4.6,4.3,4.3,2.1,171,10.1,24,6.7,"Milan"
187,1,2.4,1.5,1.8,1.3,2.7,170.1,3.5,19.7,4.9,"Milan"
188,5,4.4,3.7,2.3,4.3,1.1,175.6,15.7,22.6,9.1,"Milan"
189,2,1.5,2.3,2.8,2,4,176.9,10.3,20,6.7,"Juventus"
190,1,2.6,4.3,2.7,3.1,4,173,8.4,19.7,6.9,"Inter"
191,1,1.6,4.6,4,1.1,2.2,170.1,9.3,24.7,6.8,"Milan"
192,5,3.2,4.9,3,4.2,1.1,162.3,15.3,22.5,8.5,"Juventus"
193,5,4,4.1,2.8,3.5,2.9,180.1,11.8,19.9,7.8,"Napoli"
194,1,4.1,3.5,2.7,4.9,3.8,172.7,9,19.8,6.9,"Inter"
195,1,4.2,2.4,4.6,2.7,1.6,168.3,10.2,20.8,7.7,"Napoli"
196,1,2.7,3.5,4.8,1.3,4.6,170.4,8,18.4,7.1,"Juventus"
197,5,3.2,1.1,4.7,2.3,2.3,177.5,12.1,20,7.6,"Juventus"
198,3,2.1,1.2,2,4.7,4.8,175.1,7.1,19.5,5.8,"Napoli"
199,3,2.6,3.1,3.1,4.8,1.7,170.8,11.1,22.5,7.3,"Juventus"
200,2,4.1,4.2,2.5,3.6,2.4,177.6,9.7,24.8,7.3,"Napoli"
201,2,2.5,2.5,4.2,1.8,4.5,166.8,6.1,24,6.2,"Napoli"
202,1,3,3.4,1.7,3.4,3.4,176.3,9.5,20.3,6.8,"Milan"
203,1,2,3.3,1.7,4.7,1.1,172.4,6.8,20,6,"Juventus"
204,2,3.3,1.2,4.6,2.3,2.1,170.8,9.2,25.8,6.8,"Juventus"
205,2,1.8,1.4,1.3,3.9,3.5,175,7.2,20.7,5.4,"Milan"
206,3,4.4,4.2,4.8,4.8,2.5,171.7,12.6,21.3,9,"Juventus"
207,5,1.4,4.3,2.3,2.5,4.3,173.5,12.7,22.7,7.5,"Juventus"
208,3,1.4,2,2.2,1.9,2,169.1,8,21.7,5.7,"Juventus"
209,1,4.1,3.3,2.6,2,3.6,183.7,8.9,23.1,6.8,"Napoli"
210,3,4.2,2.9,1.6,1.7,1.3,177.3,9.9,21.7,6.5,"Milan"
211,3,3.6,2.7,4.8,3.5,2.2,173.3,11.4,22,7.8,"Inter"
212,4,2.4,2.3,3.2,5,4.3,163.3,9.1,22.6,6.6,"Napoli"
213,5,5,4.7,3.3,3.6,1.6,167.6,18.6,22.1,10,"Milan"
214,2,2.7,1.3,1.8,1,3.9,169.3,8.1,20.8,5.7,"Inter"
215,4,3.9,4.6,3.1,2.7,4.6,170.1,10.8,22.7,7.4,"Juventus"
216,2,2.1,2.8,4.3,1.9,2.4,165.6,9,21.5,6.2,"Napoli"
217,3,1.6,1.9,2.7,2.5,3.4,176.3,8,23,5.3,"Napoli"
218,1,2.1,2.7,1.3,1.9,1.4,183.2,8.6,24.9,6.2,"Napoli"
219,1,3.3,3.5,3.6,4.9,4.2,170.8,7.2,25.8,6.4,"Napoli"
220,1,1.1,1.8,4.9,3,3.8,167.7,6.6,23.3,5.3,"Juventus"
221,4,4.1,3.9,1,3.1,1.2,168.5,12.2,23.4,7.6,"Juventus"
222,5,2.8,1.5,1.4,2.2,1.1,164.7,13,23.1,7.4,"Napoli"
223,1,4.8,3.9,2.6,4.2,1,172.9,9.1,20.9,7.3,"Napoli"
224,2,3.8,3.2,2.2,1.5,2.4,169,12.3,22.6,7.9,"Juventus"
225,2,4.1,1.6,4.3,1.3,1.2,178.7,10.4,24.7,6.8,"Napoli"
226,4,2.5,3.9,2.9,2.6,2.9,174,10,24.2,7,"Milan"
227,3,2.9,2.9,4.3,2.7,1.5,172.1,8.3,21.2,6.7,"Inter"
228,4,2.7,1.7,4.8,2.1,2.7,179.7,12.1,19.2,7.8,"Napoli"
229,4,4.7,1.6,2.2,1,3.4,168.2,14.1,23.7,7.9,"Milan"
230,2,4.2,4.2,4.2,4.5,4.9,172.7,11.3,23.3,8,"Milan"
231,3,4,4.3,4,3.9,1.5,171.3,11.2,21.2,7.8,"Juventus"
232,5,3.1,4.5,4.2,3,3.4,180.3,14.9,22.6,9,"Milan"
233,4,1.4,4,1.7,4.9,5,178,8.3,26.1,6.1,"Inter"
234,2,1.4,1.3,2.3,3.8,1.1,174.2,7.1,24.8,4.7,"Juventus"
235,3,4.9,4.5,4,1.9,4.2,172.6,12.7,25.6,8.3,"Inter"
236,1,2.9,1.7,1.8,3.5,2.9,182.5,8.5,21,6.2,"Napoli"
237,2,3.6,2.6,2.8,3.3,3.3,171,9.7,20.7,6.7,"Juventus"
238,1,3.6,3.3,2.6,4.9,3.5,179.7,5.7,22.6,5.4,"Juventus"
239,1,1.5,2.6,2.8,3.5,1.4,170.9,3.4,23.9,4.4,"Juventus"
240,2,1,1.5,4.1,1,1.1,166.7,6.7,24.3,5.2,"Juventus"
241,5,4.4,2.3,2.7,2,3.2,169.7,12.8,22.3,8,"Inter"
242,2,4.6,1.6,2,5,2.2,172.8,12.8,21.1,7.6,"Napoli"
243,2,1.3,1.6,1.4,1.8,1.6,180.6,5.8,21.5,4.7,"Juventus"
244,3,3.6,3.3,1.3,4.6,2.5,167.9,11.5,20.9,8,"Milan"
245,5,2.3,3.7,3.5,2.6,2.4,170.5,12.4,22.6,7.3,"Juventus"
246,1,3.5,1.3,3.6,1.5,3.6,177.1,7.7,22.1,6.4,"Napoli"
247,4,4.3,3.7,3.1,1.1,4.7,175.3,12.1,23.8,7.7,"Juventus"
248,3,1.4,1.5,4.9,1.3,3.9,173.9,9.7,19.7,6.6,"Inter"
249,2,2.1,3.9,4.9,4.7,1.1,172,8.4,23.1,6.4,"Juventus"
250,5,1.3,1.9,3.8,2.1,1.7,170.4,9,24,6.2,"Juventus"
251,1,4,1.5,3.3,1.3,3.9,173.7,9.4,23.8,6.4,"Juventus"
252,1,2.7,2.2,3.9,3.7,4.6,179.2,10.3,22.1,6.5,"Juventus"
253,2,1.2,3.8,3.6,1.4,2.7,161,5.4,18.4,5.1,"Napoli"
254,3,4.9,2.4,2.5,3,1.7,174.3,10.7,23.1,7.1,"Milan"
255,4,1.3,2,1.3,1.1,4.3,171,6.6,20.5,5,"Milan"
256,2,2.2,4.7,1.8,1.9,1.9,174.3,9,23.7,6.3,"Milan"
257,3,2.5,3.9,4.5,3.3,1.8,170.7,8.1,19.7,7.2,"Milan"
258,1,1.4,2.8,2,3.6,3.6,173.5,3.2,25.7,4.6,"Milan"
259,3,4.9,1,3.2,3.2,4.3,171.8,11.7,21,7.9,"Juventus"
260,2,1.1,3.4,2.4,1.2,3.8,169.2,6.3,26.3,4.7,"Milan"
261,1,4.7,4.4,2.5,1.9,2.8,168.9,7.7,18.1,7.2,"Juventus"
262,5,1.7,2.6,2.2,4.9,3.9,176.9,11.5,21.1,6.9,"Milan"
263,3,1.3,2.1,4.2,2.2,2.8,167.6,6.2,23.9,5,"Napoli"
264,3,1.2,2,2.3,4.5,1.7,170.9,9.3,24.2,5.7,"Napoli"
265,3,2.9,1.1,4.4,3.1,4.6,170.3,7.6,23.9,5.6,"Inter"
266,5,4.1,2.5,3.7,3.5,3,174.8,13.9,24.5,8.1,"Inter"
267,1,4.1,3.8,3.2,2.9,2,168.1,11.5,19.9,7.8,"Napoli"
268,3,2.3,2.4,3.1,3.3,4.5,171.8,8.6,21.8,6.4,"Milan"
269,5,1.8,3.6,3.1,2.5,4.8,171.8,10.6,24.1,6.9,"Juventus"
270,3,2.1,5,1.5,4.8,3.6,178.4,8,23.9,6.5,"Inter"
271,1,4.3,3.4,4.2,2.1,1.9,178.2,9.4,18.6,7.6,"Inter"
272,1,3.7,3.6,2.8,1.5,2.3,174.4,4.9,20.8,6.2,"Juventus"
273,3,3.6,2,4.6,2.7,4.3,175.6,7.7,20.3,6.6,"Milan"
274,2,3.2,4.2,1.9,1.8,4.9,172.6,9.2,22.6,7,"Juventus"
275,1,3.6,4.3,2.5,2.4,2.9,169.4,7.7,22.5,7,"Napoli"
276,2,3.4,2.7,1.6,4,3.6,166.5,7.5,23.6,6.1,"Juventus"
277,4,1.4,1.1,2.3,3.6,2.3,180.9,9.5,22.3,6.4,"Inter"
278,1,3.5,3.9,2.1,5,4.9,178,8.3,19.8,6.8,"Napoli"
279,3,4.6,2.7,2.8,4.7,3.2,180.9,8.5,24.4,6.2,"Inter"
280,2,2.3,4.6,3,3.9,4.6,175.2,9.4,23.4,7,"Napoli"
281,2,3.5,2.5,2.6,2.6,2.3,179.4,12.7,24.6,7.2,"Inter"
282,3,2.6,2.5,3.4,3.4,2.8,177.5,7.2,23.6,5.8,"Juventus"
283,2,2.4,2.1,3.5,1.7,3.6,180.4,6.9,21.8,6,"Inter"
284,5,1.3,2.8,1.8,2.4,4.4,180.5,10.5,25,6.6,"Napoli"
285,2,2.7,1.5,1.5,3.3,1.8,177.7,7.7,24.9,5.4,"Napoli"
286,2,1.1,1.6,3,3.6,3.1,166.6,8,26.2,5.6,"Juventus"
287,2,4.6,4.3,1.1,1.1,5,177,11.2,20.1,8.3,"Juventus"
288,4,2.7,2.7,1.4,5,3.8,169.4,9.8,19.4,7.1,"Inter"
289,1,4.6,3.8,3.7,3.4,3.7,163.5,8.8,22.5,6.9,"Milan"
290,2,4.4,4,1.7,2.1,4.5,168.1,10.2,21.3,7.4,"Napoli"
291,2,3.3,1.2,1.8,4.2,2.7,179.3,7.9,20.4,5.9,"Milan"
292,3,3.5,3.9,3.8,2.4,1,173.1,10.8,22.1,7.9,"Juventus"
293,4,3.4,2,1.5,2.5,4.5,169.3,11.7,26.4,7.1,"Juventus"
294,2,2.5,1.7,2.8,3.1,4.7,172.6,9.2,20.9,6.4,"Juventus"
295,1,1.5,4.1,2.9,2.7,4.7,168.7,9.5,22.4,6.5,"Milan"
296,1,1.7,3,1.4,3.7,3.6,173.9,5.3,23.4,5.5,"Napoli"
297,1,3.8,1.3,4.7,2.7,4.5,167.2,4.7,21.8,5.5,"Napoli"
298,1,3.9,1.9,3.8,1.6,2.5,176.5,5.9,21.7,6.3,"Milan"
299,3,3.3,4.6,4.5,1.8,1.4,169.5,12.9,24,8.3,"Juventus"
300,1,2.2,3,2.7,1,1.6,173.5,5.4,24.7,4.6,"Inter"
301,5,3.5,3.8,2.8,4.6,1.5,173.3,14.4,21.7,8.8,"Inter"
302,2,3.6,4.9,4.5,2.4,4.5,174.2,7.6,22.9,6.6,"Milan"
303,5,4,1.1,2.9,3.1,1.2,168.6,11.4,19.4,7.3,"Milan"
304,5,2,1.2,1.8,1.2,4,172.9,12.2,23.3,6.7,"Milan"
305,4,1.8,3.5,1.7,3,4.2,165.1,6.4,20.4,6,"Napoli"
306,4,4,3.9,3.1,1.3,2.9,172.7,9.4,22.6,7.6,"Milan"
307,2,2.9,2,4.9,2.9,2.9,174.9,7.6,24.4,6.6,"Milan"
308,1,1.9,1.6,1.6,2.6,2.4,168.7,4,17.2,5,"Inter"
309,5,3.8,3.5,2.9,1.6,2.3,168.5,14.8,19.2,8.6,"Inter"
310,2,1.4,3.7,2.2,2,2.5,177.4,6.8,21.2,6.1,"Milan"
311,4,3.4,3.5,3.9,2.1,1.5,179.3,11.8,20.5,8.7,"Milan"
312,3,4.4,4.5,1.6,2.7,1.9,175,14.1,24.4,8.4,"Juventus"
313,5,3.1,2.6,1.1,1.4,2.1,165,14.2,26.4,7.4,"Inter"
314,4,4.8,4.4,4.5,1.6,2.3,171.7,11.7,25.6,8,"Juventus"
315,2,4.8,2.9,4.7,1,1.7,177,11.3,18.2,8.1,"Juventus"
316,5,4.8,2.3,2,4.1,3,166.9,12.5,24.4,7.9,"Inter"
317,4,3.4,4.5,4.2,4.7,2.4,176.7,12.4,20.5,8.5,"Inter"
318,2,4.8,1.8,3.1,2,2.2,172.6,9.8,21.7,7.3,"Milan"
319,2,1.2,2.5,2.5,4.9,3.3,178.5,6.8,26.2,5,"Napoli"
320,4,3.6,1.3,2.2,4.8,2.4,173.9,13.7,22.3,7.5,"Milan"
321,2,1.1,2.2,4.2,3.2,4.1,172.7,5.4,22.3,4.8,"Inter"
322,1,3.1,1.6,3.4,3.8,4.7,174.9,5.8,20.5,5.7,"Milan"
323,4,4.8,4.6,2.4,1.4,1.5,170.2,14.5,18.2,8.9,"Juventus"
324,4,3.8,1.9,2,3.1,2.7,170.6,11,22.6,7.1,"Napoli"
325,3,3.2,3.6,3.1,3,2.8,170.7,11.1,21.2,7.5,"Napoli"
326,1,4.9,2.7,4,2.3,2.5,168.7,13.1,19.8,8.6,"Milan"
327,5,2.5,1.9,4.1,2.1,4,171.3,10.8,23.2,7,"Napoli"
328,4,1.9,4,1,4.6,3,170.9,9.8,20.1,6.8,"Inter"
329,1,1.7,2.9,3,2.8,2.7,168.9,7.7,15.5,7.5,"Napoli"
330,4,3.3,4.9,3.4,4.9,4.2,173.3,13.5,19,9,"Juventus"
331,3,1.6,1.5,4.5,3.8,4.2,176.2,9.2,23.2,6.3,"Milan"
332,5,4.5,2.2,2.2,3.8,3.9,167.4,17.1,22,8.6,"Inter"
333,4,3.9,3.3,4.3,3.3,2.3,173.8,14.6,20.1,8.2,"Napoli"
334,1,3.6,2.3,2.8,4.5,4.4,178.6,7.6,19.9,6.8,"Milan"
335,5,3.7,4.4,2.5,4.5,4,170.8,10.2,21.4,7.9,"Inter"
336,2,3.3,4.6,4.4,2.9,3.7,172.4,7.3,20,6.9,"Juventus"
337,4,4.6,1.3,3.3,1.1,2.7,168,11.3,15.2,8,"Inter"
338,3,2.8,5,4.9,2.5,2.9,181.3,10.7,23.7,7.5,"Napoli"
339,1,3.3,2.7,3.8,1.2,5,173.3,9.7,21.3,7.2,"Juventus"
340,1,3.1,2.3,1,3.6,4,168.7,6.5,25.2,5.1,"Milan"
341,2,3.7,1.9,2.7,4.8,2.7,170.6,9,21.1,6.9,"Inter"
342,5,2.2,4.2,1.1,4.4,3.9,167.4,13.1,17.8,8.2,"Juventus"
343,5,1.2,5,4.4,4.9,4.2,173.3,8.8,23.2,7.1,"Milan"
344,5,2.6,4.9,4.2,3.5,1.8,173.3,9.6,21.5,7.3,"Inter"
345,2,2.8,4.9,1.4,4.9,1.1,183.9,7.6,22.8,6.2,"Napoli"
346,1,3.3,4.9,3.6,3.9,4,170.1,8.7,23.8,7.3,"Napoli"
347,1,2,3.9,1.3,3.7,4,174.9,7.4,21.9,6,"Inter"
348,1,5,2.5,1.3,2.8,1.5,167.1,9.6,22.8,7.1,"Juventus"
349,4,4.8,4.8,2,3.5,4.2,167.2,12.9,23.7,8.2,"Milan"
350,1,4.9,2.2,2.5,4,1.9,172.9,10.3,22.4,6.5,"Juventus"
351,2,3.1,1.7,2.8,4.1,1.5,178.1,10.3,27,7,"Inter"
352,5,4.1,4.4,3.2,2.2,4.5,165.6,15.8,22.9,9.5,"Juventus"
353,4,2.8,4.1,1.6,3.1,1.5,170.7,5.7,21.7,5.8,"Juventus"
354,2,3.9,1.7,1.1,4.6,1.3,175.6,7.2,26.1,5.4,"Milan"
355,2,3,1,1.1,1,3.6,176,4.8,23.4,4.2,"Napoli"
356,2,2.1,4.2,1.8,4.6,4.6,174.4,7,26.4,5.8,"Napoli"
357,5,3.8,2.4,1.9,2.5,4.2,174.9,11.1,25.6,6.7,"Juventus"
358,4,2.6,2,3,3.7,2.1,171.4,12.9,22.7,7.4,"Napoli"
359,5,1.6,1.9,2.5,1.9,2.1,172.1,12.8,21.1,6.8,"Inter"
360,2,1.8,5,3.5,3.8,1.5,175.7,8.5,17.7,7.1,"Inter"
361,3,3.6,1,3.7,3.7,3.5,168.9,10.2,23.9,6.3,"Milan"
362,1,3.7,2.1,4.3,4,4.6,171.2,9.5,22.2,7.1,"Inter"
363,5,3.8,4,1.3,4.3,1.6,173.8,14.7,23.3,8.4,"Napoli"
364,1,1.8,1.6,3.4,3.8,2.4,171.9,6.2,22.6,5.3,"Milan"
365,2,4.6,4.9,1,4,3.1,178.8,9.2,22.6,7.2,"Juventus"
366,3,3.1,3.2,4.7,1.4,4.1,167,12.2,22.2,7.7,"Milan"
367,1,2.7,4.2,4.5,3.2,4.7,169,8.8,24.9,6.9,"Inter"
368,3,2,3.9,5,2.4,1.6,168.8,8.1,23.3,6,"Milan"
369,5,2.5,4.7,3.5,1.5,3.9,169.1,7.6,22.9,6.4,"Milan"
370,2,1.1,4,2.4,2.2,5,175.2,7.7,22.2,5.7,"Milan"
371,3,1.3,3.7,3.1,2.9,2.8,174,7,25.7,5.5,"Juventus"
372,2,3.2,2.7,2.5,2.7,3.3,167.2,10.7,21.7,6.8,"Milan"
373,2,4,3.4,4,1.9,3.6,175.3,11.9,22.7,8,"Napoli"
374,1,1.3,3.4,3.5,2.1,4.8,179.8,4.1,25.5,4.4,"Milan"
375,4,4.1,1.2,3.8,2.7,2.7,174.4,11.7,25.3,7.3,"Milan"
376,5,2.2,4,1.6,2.6,3.6,171.4,11.2,22.4,7.3,"Milan"
377,2,2.4,3.7,1,1.4,2.7,177.5,7.9,21,6.5,"Milan"
378,2,3.5,2.9,2,2.6,1.9,168.3,4.4,24.1,5.9,"Inter"
379,3,2.9,3.4,2.8,3.4,2.8,175,8.9,23.3,6.7,"Napoli"
380,1,4.8,3,1.6,2.6,4.3,177,11,23.3,7.3,"Inter"
381,3,1,2.6,2.2,4.4,3.6,181.4,8.3,24,5.8,"Juventus"
382,3,3.6,1.7,2.4,3.9,2.4,174.7,10.9,18.2,7.3,"Inter"
383,1,1.3,4.2,2.2,3.2,2.2,174.3,5.1,23.1,5.2,"Napoli"
384,5,2.7,2.5,3.8,1.8,4.4,172.1,10.9,19.7,7.3,"Milan"
385,1,3.5,3.7,4.2,1.2,2.9,165.7,10,22.7,6.9,"Juventus"
386,4,2.5,2.2,3,4.1,1.2,167.8,11,23.8,6.6,"Milan"
387,3,2.2,1,2.6,2.3,4.1,167.7,7.2,18.1,6,"Milan"
388,3,1.9,1.6,1.6,2.2,3.9,175.1,9.1,20.6,5.5,"Napoli"
389,5,2.9,3.6,3.4,3.1,3,172.4,13.8,24.2,7.7,"Milan"
390,4,1.3,2,2.7,1.4,1.4,171.1,6.7,25.1,5.3,"Juventus"
391,2,5,1.8,1.9,4.6,4.2,172,11.2,18.6,8,"Napoli"
392,2,3,4.1,2.3,4.2,2.1,170,10.7,21.3,7.4,"Milan"
393,2,4.7,1.9,4.2,3.3,1.8,176.1,12.9,21.1,8.3,"Napoli"
394,1,1.4,4.2,1.9,2.8,1.9,171.6,7.8,22.2,6.4,"Napoli"
395,2,2.5,2.2,4.5,4.4,2.2,167.2,8.5,19.3,6.4,"Milan"
396,3,4.2,3.7,4.2,3.5,2.5,176.1,12,20.2,8.4,"Napoli"
397,2,2.6,3.5,3,1.8,3.4,176.3,9.8,22,7,"Juventus"
398,3,4.8,3.1,2,3.3,1.5,175.7,13.3,19.9,8.4,"Milan"
399,4,3.9,2.5,2.6,4.3,2.5,176.4,13.5,21.5,8.2,"Juventus"
400,1,3.4,1.6,1.7,3.6,1,174.8,9.2,22,6.5,"Milan"
401,2,2.3,4,3.5,3.8,2,167,7.3,21,7,"Milan"
402,1,1.2,3.1,1.5,4.7,4.9,175.3,6.2,23.4,5.3,"Milan"
403,1,1.1,3.6,2.2,1.2,4,174.8,5,21.9,5.4,"Juventus"
404,3,4.9,1.8,2.8,3.3,2.4,171.8,10.5,22.9,7.2,"Milan"
405,3,3.9,3.6,3.2,1.1,4.1,169.8,10.1,23.3,7,"Juventus"
406,1,1.3,3.8,3.1,3.4,2.2,175.3,5.7,21.7,5.6,"Milan"
407,4,2.4,1.5,1.2,1.3,1.1,166.5,10.8,22.7,6.2,"Milan"
408,4,1.5,4.8,3.7,2.5,4.4,167.7,10.4,25.4,7.2,"Milan"
409,2,2.4,2,1,3.2,1.1,177.8,9.5,17.6,6.6,"Inter"
410,3,4.1,4.5,1.9,4.4,3.4,171.4,10.2,23.3,7.5,"Milan"
411,4,2.7,4.1,2.7,1.2,1.5,171.9,8.8,23.1,7,"Juventus"
412,2,4.9,2.8,4.2,2.2,4.3,170.5,9.9,23.8,7.2,"Inter"
413,2,4.6,2.3,4.8,2.8,2.7,173,8.5,22.2,7.2,"Napoli"
414,1,4,3.7,3.9,4.8,3.8,170.5,7.4,20.7,7.1,"Milan"
415,2,3.4,3.3,1.5,4,1.5,173,6.2,16.3,6.9,"Milan"
416,4,2.8,4.6,2.2,1.8,2.1,174.6,10.1,21.3,7.9,"Juventus"
417,2,1,1.6,2.2,1.9,4.8,171.7,6.7,20.5,5.2,"Milan"
418,5,3.2,2.1,3.7,4,2.6,174.2,12.7,24.7,7.8,"Inter"
419,5,4.7,3.2,3.2,3,3.2,171,13.9,23.3,8.5,"Juventus"
420,3,3.8,3,4.2,2.8,3.9,172.3,10.7,25.5,7.3,"Milan"
421,2,2.3,3.1,4.9,3.6,2.8,164.8,10,20,6.9,"Inter"
422,2,4.2,1.7,3.3,4.5,3.7,166.7,8.4,22.9,6.8,"Milan"
423,1,1.9,2.6,4.6,2.1,2,170.5,6.2,22.4,6,"Napoli"
424,5,2.7,1.5,2.6,1.8,4.7,171.9,10.7,23.3,6.5,"Juventus"
425,2,2.6,3,2.8,2.9,1.8,177.9,6.6,24,5.8,"Juventus"
426,3,4.2,3.7,2,3,2.9,175.1,12.9,23,8.1,"Juventus"
427,5,4.9,2.8,2.4,1.2,4.5,173.8,14.5,18.7,8.7,"Juventus"
428,5,1.3,3.3,2.9,3.9,3.1,174.3,14,18.5,8.1,"Juventus"
429,2,4.5,4.5,3.8,1.4,3.2,169.3,9.3,22.3,7.8,"Juventus"
430,4,1.3,3.6,3.5,4.2,2.2,172.6,7.4,27.2,5.3,"Milan"
431,5,4.1,1.9,4.7,3.5,3.7,172.4,16.2,19.3,9.4,"Inter"
432,4,3.1,1.4,3.6,2,4.5,177.7,6,25.9,5.5,"Juventus"
433,4,3.9,1.7,3.1,2.3,4.4,186.4,11.7,20.2,7.2,"Inter"
434,3,3.5,2,4.2,1.9,3.5,173.7,8.8,21.8,6.3,"Inter"
435,4,2.6,3,4.6,4.6,1.1,171.6,11.1,20.3,7.8,"Juventus"
436,5,3,4.3,3.3,2.4,4,182.8,14.7,19,8.5,"Inter"
437,5,1.9,4.5,1.8,4.5,4.7,175.6,10.9,20.1,7.2,"Inter"
438,4,4.6,4.5,1.6,4.5,4.4,168.3,10,23.1,7.2,"Juventus"
439,2,2.7,2.5,2,3.9,3.5,176,8.5,21.1,6.5,"Milan"
440,3,1.4,1.4,3.6,1.3,4,171,7.9,22.5,5.5,"Inter"
441,1,5,4.5,4,5,2.7,181.2,8.8,21.6,7.6,"Napoli"
442,4,1.1,1.5,4.6,4.3,3.9,180.4,8.4,19.9,6.3,"Inter"
443,3,2.5,4.5,1.2,1.7,2.6,174.2,11.5,19.2,7.2,"Milan"
444,4,1.3,2.5,1.1,2.9,4,173.6,8.8,16.6,6.1,"Juventus"
445,2,1.4,2.3,4.4,3.9,4.3,174.3,10.2,19.9,6.4,"Juventus"
446,2,2.5,4.4,4.2,2.2,4.2,181,9.5,19.6,7.5,"Juventus"
447,4,4.6,1.5,1.1,1.5,2.3,170.2,15.6,24.4,8.4,"Milan"
448,1,3.7,4.8,4.9,3.9,4.5,177.4,9.8,21.4,8.1,"Napoli"
449,4,4.6,1.6,2,4.7,3.2,165.9,14.8,27,7.5,"Napoli"
450,3,1.4,3.5,3.1,4.5,1.5,176.3,8,24.2,5.9,"Inter"
451,5,3.6,1.1,1.5,4,1.1,158.4,14.3,21.2,8.2,"Juventus"
452,1,4.1,4.1,4.4,2.5,4.2,170.7,12.3,19.1,8.7,"Inter"
453,1,4.5,4.9,3.4,4.1,1.5,178.3,7.4,19.2,7.8,"Juventus"
454,2,4.4,1.1,3.2,4.7,3.9,172.1,13,21.3,8,"Milan"
455,4,2.4,3.3,2.4,3.8,2.9,177.3,8.3,22.1,5.9,"Napoli"
456,2,3.8,2.6,1.3,1.4,1,166.7,9.6,23.7,7.2,"Juventus"
457,1,3.1,4.7,4.5,4.9,4.1,173.7,6.3,19.6,6.8,"Juventus"
458,1,4.8,4.7,5,4.4,3,166.5,10.4,20.1,8,"Juventus"
459,1,2.5,2.9,2,4,2.7,169.8,6.7,24.8,5.8,"Juventus"
460,1,3.9,3.8,4.8,1.2,3.1,178,5.3,20.9,6.4,"Inter"
461,4,3.9,3.3,2.5,1.1,1.2,171.8,10,24.4,6.9,"Juventus"
462,1,3.6,2.7,1.4,2.4,2.4,170,5.8,23.4,5.8,"Juventus"
463,1,1.7,1.7,4.7,1.9,4.3,173.2,5.8,23.3,5.2,"Milan"
464,3,1.9,3.2,4.7,2.8,4,160.1,10,17.6,7.7,"Milan"
465,4,1.2,2.4,3.6,2.5,4.5,172.7,6.7,23.9,5.6,"Milan"
466,2,3.7,3.5,2.3,3.1,1.9,172.1,6.9,24,6.5,"Napoli"
467,2,1.4,2.2,1.8,4.4,3.6,172.7,7.4,19.8,6,"Inter"
468,2,1.1,3.2,4.1,2.6,2.7,177.2,6.9,25.2,5.6,"Juventus"
469,3,3.9,4.5,2.8,1.2,1.2,173,8.9,21.9,7.3,"Juventus"
470,5,2,1.5,2.9,3.3,1.5,173.6,11.4,19.4,6.9,"Juventus"
471,3,3.3,3,2,3.8,3.9,168.6,12.8,22.1,7.5,"Napoli"
472,4,2.9,4.3,4.3,4,2.6,172.7,11.8,20.9,7.4,"Milan"
473,2,2.7,2.2,2.7,2.1,4.7,171.3,6.8,24.2,5.4,"Inter"
474,1,4.3,1.2,2.2,1.4,4.5,171.5,6.3,21.7,6.2,"Juventus"
475,5,2.8,2.9,2.5,2.5,4.3,171.5,11.1,19.1,7.3,"Juventus"
476,1,3.2,3.1,2.9,2.4,3.5,167.8,5.4,21.6,5.6,"Inter"
477,5,1.5,4.4,3,1.5,3.2,175.3,11.2,19.4,7.3,"Napoli"
478,5,2.2,2.2,1.4,1.9,4.4,183.5,8.6,19,5.7,"Milan"
479,1,2.1,2.7,3.4,2.3,1.4,167.1,5,18.8,5.8,"Napoli"
480,5,3.1,2.8,4.8,1,4.5,164.1,10.7,20.7,7.4,"Napoli"
481,3,2.3,1.9,3.2,1.9,2.9,174.7,7.5,22.7,5.5,"Juventus"
482,1,1.3,3.4,2.2,3.4,1.9,173.2,6.3,16.8,6,"Juventus"
483,5,3.5,3.8,3.9,1.1,2.8,169,12.7,22.4,8.1,"Napoli"
484,5,3.1,1.7,3.5,3.2,2.3,173.8,13.5,21.2,8.1,"Napoli"
485,5,3.7,4.4,2,3.7,5,166.3,13.2,23.8,7.8,"Inter"
486,2,4.9,3,3,2.6,4.1,163.3,6.5,24.2,6.1,"Juventus"
487,2,2.3,1.2,3.7,2,1.7,171.9,9.8,22.3,6.7,"Milan"
488,4,4.7,4.3,3.1,1.2,1.8,173.1,14.8,24.2,8.8,"Inter"
489,5,2.7,1.9,2.7,3.7,3.7,169.7,11.1,21.1,7.1,"Inter"
490,2,5,2.1,4.7,1.8,1,166.6,8.8,16,8.1,"Inter"
491,4,3.5,4.2,4.4,4.7,4.8,166.5,8.1,19.8,7.3,"Inter"
492,5,2.7,1.2,2.3,1.9,3.2,177.8,10.5,22.6,7.1,"Juventus"
493,5,4.3,3,2.6,1.2,1.7,168.6,15.4,20.4,9.2,"Juventus"
494,3,3.4,2.2,2,2.8,4.5,172.5,11.6,20.6,6.7,"Inter"
495,2,2.1,3.3,1.3,1.8,2.7,169.1,8.6,18.4,6.7,"Inter"
496,1,1.2,2.7,2.6,4.2,3,175,5.3,19.9,5.6,"Inter"
497,4,2.9,1.2,1.7,4.8,2.3,170.8,9.7,19.8,5.9,"Juventus"
498,1,3.9,3.7,3.8,4.8,2.8,168.6,8.6,24.3,6.8,"Milan"
499,3,3.2,4.2,2.3,4.3,2.3,163.8,9.9,22.1,7,"Milan"
500,4,3.2,3,2.2,4.9,2.9,180.9,11,20.3,7.6,"Milan"
501,1,1.9,2.6,1.9,2.8,1.8,171.7,5.5,15.8,5.7,"Juventus"
502,4,2.2,1.3,3.2,4.4,3,170.8,9.5,23.3,6.4,"Napoli"
503,4,3.1,3.8,3.8,3,2.5,172.2,10.6,21.8,7.4,"Juventus"
504,2,4.8,4.6,3.9,3.3,1.3,179.3,7.9,20.2,7.2,"Inter"
505,1,2,3.8,4.2,1.2,2.7,174.7,8.2,22.6,6.6,"Milan"
506,5,4.6,1.2,1.2,1.3,3.1,174.8,10.4,23,6.9,"Milan"
507,1,1.7,3.6,3.1,2.2,1.3,169.4,6.9,25.2,5.4,"Milan"
508,3,4.4,4.6,4.8,1.3,1.7,172.9,8.6,24.1,7.7,"Inter"
509,2,4.6,3.3,3.1,2.1,2.4,162.4,13.8,23.1,8.5,"Inter"
510,2,2.1,1.4,4.5,1.2,5,172.4,5.7,19.9,5.8,"Inter"
511,3,2.5,2.7,2,4.8,1.9,167.2,9.4,20.5,6.6,"Juventus"
512,3,2.3,4.3,4.7,3.6,4.2,173.3,12.4,24.2,8.2,"Juventus"
513,5,2.5,2.9,3.9,4.7,3.8,174.3,8.6,20,6.8,"Milan"
514,4,3.5,3.8,1.7,3.4,1.6,173.8,11.3,17.3,8,"Inter"
515,5,1.3,1.3,3.3,1.7,3.8,179,10.7,18.5,6.3,"Inter"
516,4,5,1.1,3,1.7,3.1,169.8,12.6,25.1,7.3,"Inter"
517,4,4,4.7,1.6,2.1,3.3,168.8,12.1,23.7,7.9,"Inter"
518,4,1.4,1.8,4.7,2.9,3.5,172.2,10,24.1,6.1,"Juventus"
519,5,3.1,2.1,1.9,1.8,4.4,175.3,12.6,18.9,8.2,"Milan"
520,3,1.7,1.9,4.5,4,2.5,176.8,8,22.6,5.5,"Milan"
521,4,2.8,3.3,3.3,1.2,1.9,171.3,11.4,24.2,7.1,"Inter"
522,2,3.9,4.2,2.5,4.2,1.9,173.7,8.4,20.7,7.4,"Juventus"
523,1,4.9,1.7,2.4,3.7,2.7,167.6,8.7,24.7,6.8,"Juventus"
524,2,3,2.5,2.6,3.9,2.9,175.3,9.6,20.9,6.5,"Milan"
525,5,2.9,4.6,1.8,1.3,3,168.8,13.1,20.3,8,"Milan"
526,5,3.6,4.3,2.8,1.5,1.2,172.1,11.8,19.6,8.2,"Napoli"
527,2,4.5,2,3.9,2.2,2.8,174,11.2,21.2,7.6,"Napoli"
528,4,2.1,1.1,3.5,4.4,4.7,167.8,6.7,19.4,5.8,"Napoli"
529,1,3.2,1.8,1.8,4.7,4.2,175.6,7.1,23.4,5.4,"Inter"
530,4,4.8,2.8,1.2,3.5,2.8,167.7,11.7,22.3,7.1,"Juventus"
531,5,1.9,1.1,1.8,4.4,2.4,178.4,8.2,22.5,6,"Inter"
532,4,1.2,4.8,4.8,1.5,1.3,168.4,11.1,22.7,7.4,"Inter"
533,2,2.4,1.2,1.8,4.9,3.6,177.7,6,27.6,5,"Milan"
534,1,5,2.3,3.5,3.3,4.1,168,7.3,19.7,7,"Milan"
535,2,2.6,4,1.6,4.9,2.8,174.4,7.6,18.1,6.6,"Juventus"
536,2,4.6,1.9,4,2.8,4.8,179.4,9.4,24.2,6.8,"Juventus"
537,3,3.3,2,2.1,2.4,3.7,170,9.3,25.1,6.1,"Napoli"
538,2,2.8,2.8,1.3,4,4.8,166.5,8.6,17.2,6.4,"Inter"
539,2,2.5,1.6,2.3,4.3,3.2,177,10.7,18.6,6.8,"Juventus"
540,1,2.3,4.1,4.7,3.1,3.6,168.9,8.3,20.1,6.7,"Inter"
541,1,1.4,4.1,4.9,4.7,1.7,173.4,7.6,27.7,6.1,"Juventus"
542,1,1.7,1.2,3.9,2.3,1.9,169.7,7.8,21.4,5.3,"Inter"
543,5,2.6,3.4,4.1,3.4,1.6,164.9,15.3,17.9,9.1,"Inter"
544,5,4.4,3.8,2.3,1.8,2.8,171.5,13.2,24.3,8.1,"Inter"
545,1,1.3,1.6,4.3,4.4,3.9,176.6,9.1,21.2,6.3,"Milan"
546,4,2.8,1.3,3.7,2.5,4.9,178.8,10.1,21.3,6.5,"Milan"
547,1,3.9,3,3.7,4.6,1,175.3,9.5,21.3,7.3,"Napoli"
548,5,4.9,2.5,4.7,1.4,1.7,175.4,13,24.4,8,"Milan"
549,4,4.9,2.9,3.5,3.4,5,173.6,10.8,21.6,7.9,"Juventus"
550,2,1.9,2.3,1.7,4.5,3.9,174.1,5.1,23.3,5.2,"Napoli"
551,4,3.8,1.4,3,4,1.3,169.8,11.2,19.8,7.3,"Milan"
552,3,3.6,4.5,4.8,1.2,4,176,10.6,22.6,7.6,"Juventus"
553,5,2,2.7,1.1,1.3,4.6,168,11.7,24.4,7.2,"Juventus"
554,2,2.4,1.6,4,3.5,2.3,171.3,8.8,22.1,6.3,"Inter"
555,4,2.5,2.5,2.3,2.6,1.1,170.8,8.1,22.9,6.2,"Napoli"
556,2,4.2,4.4,3.9,1.4,1.6,165.3,8.7,19.8,7.7,"Napoli"
557,5,4,3.6,2.1,3,3.3,182.9,13.1,18.7,8.4,"Inter"
558,5,4.5,2.3,2.5,1.7,2.9,164.4,12.9,24.7,8,"Juventus"
559,2,3.9,2.3,4.2,1.2,4.7,167.7,10.1,21.7,7.3,"Inter"
560,1,1.3,1.9,3,4.9,1.2,173.6,6.4,21.8,5,"Inter"
561,1,2.7,4.3,3,3.6,3.4,172.9,7.9,20.1,7.1,"Napoli"
562,4,3.1,1.7,1.7,1.7,4.5,174.6,9.8,22.6,6.5,"Juventus"
563,2,1.1,1,2.4,2.2,1,172.9,6.2,21.8,4.4,"Inter"
564,2,3.5,3.5,1.6,2.6,4.4,172.4,8.8,25.3,6.2,"Milan"
565,5,4.5,1.8,1,4.8,3.7,171.6,10.2,22.4,7.3,"Milan"
566,3,3.7,4.3,2.2,3.3,2.4,172,9.8,27.1,6.7,"Napoli"
567,2,4.1,4.1,3.9,2.9,3.3,171.2,9.5,21.8,7.5,"Napoli"
568,3,3.3,2.5,1.6,2.3,2.1,167.9,9.4,23.1,6.6,"Inter"
569,4,4.7,2.8,1.4,4.8,1.9,175.1,13.4,22.3,7.9,"Juventus"
570,4,4.1,1.5,2.6,4.9,1.5,172.1,11.2,20.1,7.5,"Inter"
571,1,2.3,1.7,1.1,1.8,1.4,172.9,4.7,15.8,5.5,"Milan"
572,5,3.4,2.9,2.3,4,1,171,10.6,24.2,7.7,"Juventus"
573,3,1.7,2.3,4.5,3.1,4.6,178.9,6,22.9,5.6,"Juventus"
574,3,4.5,3.8,2.2,1.3,1.4,163.4,16.1,24.8,8.4,"Milan"
575,2,2.9,4.9,4.4,4.3,3.1,178.2,12.2,20.4,8.6,"Milan"
576,3,4.1,2.1,4,1.1,4.7,177.8,12,23.2,7.7,"Juventus"
577,4,1.5,3.9,3.8,3.2,4.4,173.1,12.7,22.2,8.1,"Napoli"
578,3,2.7,3.8,4,1,2.5,175.7,8,22,6.6,"Juventus"
579,2,3.8,2.5,1.9,4,2.1,169.7,8.1,21.7,6,"Juventus"
580,3,2.6,1.5,4.3,2.8,4.4,166.4,11.7,21.5,7.6,"Juventus"
581,5,1.8,4.9,1.1,4.2,2.5,174,10.5,22,7.4,"Inter"
582,1,2.2,2,1.7,3.1,1.7,173.1,6.3,22.9,5.2,"Juventus"
583,2,2.8,3.1,2.6,2.1,2.9,166.2,6.6,21,6.3,"Juventus"
584,2,4,2.8,4.2,3.2,3.6,162.8,10.5,25.4,7.8,"Milan"
585,3,3.5,2.7,1.9,4.6,4.9,169.2,11.8,19.9,8,"Juventus"
586,1,2.3,4.3,3.7,1.8,1,168.8,6.5,20.8,6.3,"Juventus"
587,1,2.5,3.9,3.4,2.8,3.8,175.8,4.7,21,5.9,"Inter"
588,2,4.6,4.2,4.8,4.2,1.8,172.6,9.7,23,7.6,"Inter"
589,5,1.9,2.7,4.3,2.8,4.8,170.1,13.5,21.3,7.8,"Juventus"
590,5,1.2,4.1,4.3,2.4,1.3,171.7,7.1,25.2,5.4,"Milan"
591,3,1.5,3.3,3.9,5,2.3,168.4,5.9,21,5.3,"Milan"
592,5,1.4,2.9,3.3,1.8,5,172.7,6.4,24.9,5.6,"Milan"
593,5,1.4,2.3,1.7,3.6,3.8,170.8,10.3,22.9,6.4,"Juventus"
594,3,2,2.7,1.1,4,4.7,164.8,4.8,19.6,5.5,"Inter"
595,3,4.4,2.7,2.1,1.3,4.6,174.3,12,24.4,7.9,"Juventus"
596,5,4.6,2.2,2.5,2.3,4.5,167.2,14.2,20.1,7.8,"Milan"
597,5,4.8,3.5,3.1,3.3,3.8,165.9,15.5,17.2,9.1,"Juventus"
598,2,2.8,1.6,4.9,1.6,2.5,173.3,8.2,20.6,6.5,"Milan"
599,1,3.7,4,4.6,3.7,1.6,176.6,11.5,18.5,8.2,"Napoli"
600,1,1.6,3.1,3.8,1.4,1.1,164.4,1.8,22,4.5,"Milan"
601,4,4.3,4.6,3.9,3.7,4.9,165.4,16.4,21,9.2,"Juventus"
602,3,4.5,3.8,2.3,1.5,3.8,172.9,14.2,19.5,8.6,"Inter"
603,3,2,3,1.5,5,3.8,172.5,4.4,22.9,5.4,"Juventus"
604,5,2.9,3.3,1.5,3.9,3.2,170.9,12.6,24.7,7.2,"Inter"
605,3,3.8,4.9,3.9,2.2,3.1,168,12.1,24.8,8.1,"Milan"
606,1,2.9,1.2,3.5,4.3,3,175.1,6.8,19,6.1,"Milan"
607,3,3.5,1.3,4.3,4.2,3,168.1,12.3,20.5,7.2,"Milan"
608,3,3.9,4.3,2.2,1.7,2.7,176.1,11.7,23.8,7.5,"Juventus"
609,5,1.5,1.8,4.3,4.6,2.3,169.9,10,24.9,6.4,"Juventus"
610,3,1.1,2.1,2.9,2,3.2,181.8,5.6,22.3,5,"Milan"
611,1,1.9,4.5,2.2,2.3,3.8,169.9,7.8,19.3,6.5,"Juventus"
612,3,3.8,4.8,3.1,3,4.3,173,8.1,20.1,6.9,"Juventus"
613,3,1.4,2.1,2.2,4.1,2.7,172.7,7.2,22.4,5.9,"Inter"
614,1,1.4,2.5,4.9,2.9,2.9,162.4,3.5,23.7,5.3,"Milan"
615,1,4,1.2,2.5,3.6,3,170.9,9,24.2,5.9,"Napoli"
616,3,4.9,1.8,2.4,2.5,2.1,168.4,13.6,22,8.1,"Napoli"
617,1,2.3,1.9,4.2,4.6,1.9,167.4,6.7,18.2,6.1,"Napoli"
618,3,2,3.2,1.6,4.8,4.4,169.7,9.9,23.5,6.5,"Juventus"
619,5,2.9,3.1,3.1,3.1,2.9,167.5,13.6,22.4,7.8,"Milan"
620,5,3.6,3.6,5,2.3,2.5,176.8,16.6,20,9.2,"Inter"
621,2,2.6,2,2.5,5,3.6,169.9,7.7,26,6,"Napoli"
622,2,3,1.1,1.3,1.8,3.6,172.4,9.2,20.8,5.9,"Milan"
623,2,2.5,2.3,3.7,3.3,2.4,169.4,8.7,19.8,6.5,"Inter"
624,3,3.6,1,4.5,1.9,2.9,171.5,9.6,20.7,6.9,"Napoli"
625,1,1.3,3.3,1.4,1.6,2,170.8,4.6,20.3,5.4,"Inter"
626,4,1.1,3,2,3.1,2.5,179.5,13.2,21.8,7.2,"Napoli"
627,2,3.3,3.2,2,3.9,2.8,171.7,10.5,25.4,6.8,"Milan"
628,2,1.6,4.9,4,1.5,2.3,172.7,4.2,21.9,6,"Juventus"
629,3,1.1,4.2,2.9,4.6,4.1,176.3,9.4,21.6,6.6,"Juventus"
630,2,2.5,4.7,3.2,1.7,4.9,167.2,9.4,23.6,6.8,"Juventus"
631,4,4.1,2.2,4.9,4.8,1.1,168.5,13.8,20.8,8.9,"Napoli"
632,4,1.7,3.1,4.5,1.6,1.2,175.5,8.7,22.8,6.4,"Napoli"
633,3,2.4,2.5,4.5,4.9,1.4,168.9,11.3,21.1,7.5,"Napoli"
634,2,3.8,1.7,4.5,3.3,2.7,169.8,9.2,29,6.3,"Napoli"
635,2,1.3,3.9,2.1,3.8,4.2,164.6,5.9,23.3,5.6,"Inter"
636,4,2.6,3.1,3.7,3.2,1.5,174.5,12.7,19.4,7.8,"Napoli"
637,1,1.5,1.9,4.5,4.1,4.5,177.4,4.4,26.7,4.6,"Milan"
638,5,2.7,4.2,2.4,3.9,3.3,167.2,14.1,21.6,8.5,"Napoli"
639,3,2.7,3.1,1.8,2.8,3,172.9,8.6,19.9,6.4,"Napoli"
640,1,2.7,3.4,4.1,4.5,5,180.8,4.6,23.8,5.4,"Napoli"
641,2,3.5,1.2,3.9,3.1,1.5,165.6,8.2,21.2,6.3,"Inter"
642,1,3.7,1.3,3.1,1.4,3.9,168.9,10.4,19.7,7.1,"Juventus"
643,2,3.7,4.1,1.1,4.5,4.4,176.5,10.6,22.4,7.7,"Milan"
644,4,1.5,3.5,3,2.7,4,166.7,7.4,22.4,5.5,"Milan"
645,1,3.7,1.5,4,3.8,4.9,173.6,8.1,19.6,7.1,"Napoli"
646,5,1.7,2.6,4.1,1.2,1.3,171.9,12.4,20.1,7.3,"Milan"
647,2,2.7,3.2,1.1,3.2,2.4,169.6,7.7,22.3,5.9,"Inter"
648,1,1.4,4.2,1.7,2.8,4.9,165.1,7.6,23,6.6,"Napoli"
649,4,2.3,2.7,2,4.7,4,169.5,7.3,22.4,5.4,"Inter"
650,4,1.5,4.5,2.3,1.5,1.9,168.7,10.6,24,6.8,"Milan"
651,1,4.5,1.7,4.2,4.9,2,176.7,8.5,23.5,6.9,"Milan"
652,4,1.2,1.1,2.5,2.8,2,178,10,23.5,5.6,"Napoli"
653,1,3.7,4.7,3.2,3.7,1.4,171.2,8.3,21.9,7.3,"Juventus"
654,2,4,3.8,1.6,1.9,4.3,177.2,9.8,22.8,7.2,"Inter"
655,5,4.3,2.4,1.4,1.7,4.8,181.7,15.2,25.9,8.3,"Napoli"
656,2,3.6,4.6,4.8,4,3.9,164.5,6.4,22,6.8,"Juventus"
657,1,3.8,3.1,4.7,1.6,4.2,170.3,9.6,22.3,6.8,"Milan"
658,1,2.4,3.3,2.8,1.3,2.1,164.4,2.5,19.4,4.9,"Juventus"
659,1,2.1,4.4,4.3,1.7,4.2,166.7,7,22.3,6,"Napoli"
660,1,1.9,5,2.4,1.7,2.7,167.9,6.6,20.2,6.4,"Juventus"
661,1,1.8,4.3,2.8,2.9,3.6,183.1,5.2,27,5.2,"Milan"
662,1,3,4.6,4.4,4.3,4.3,173.6,8.5,20.7,7.4,"Inter"
663,2,3.6,3.8,3.6,4.9,2.3,174.3,8.6,21.4,7.3,"Milan"
664,2,1.7,3.7,3,1.5,4.2,164.7,6.2,24.9,5.2,"Juventus"
665,5,2.6,3.2,5,4.5,2.1,168.4,11,22.1,7.6,"Inter"
666,4,2.7,2.3,1.7,3.5,2.2,168.8,10.4,18.6,6.7,"Napoli"
667,3,1.3,3.1,3.1,3.6,1.3,168.1,7.3,20.9,5.8,"Juventus"
668,4,3.2,4,3.8,4.4,1.8,174.1,10.9,20.9,8.1,"Juventus"
669,1,4.2,3.7,4.6,1.1,5,171.4,10.1,23.7,8,"Napoli"
670,2,2.5,1.3,1.3,4.7,3.8,167.4,10.5,25.1,6,"Milan"
671,4,3.3,1.7,2.2,2.7,1.8,165.3,10.7,21.3,7,"Milan"
672,2,2.7,4,3.7,2,4.8,167.1,8.9,25.1,6.4,"Inter"
673,2,1.2,2.4,2.9,1.5,4.6,168.8,8.7,22.9,5.9,"Milan"
674,3,2.6,2.9,1.4,4.3,2,170.8,8.1,21,6.8,"Napoli"
675,5,3.4,2.5,2.9,4.8,4.2,172.4,11.3,20.7,6.6,"Milan"
676,3,2.4,4.7,4.6,4,4.4,170.5,7.8,22.6,6.7,"Milan"
677,2,3.9,3.4,2,2.6,2.4,171.4,10.7,23.6,7.2,"Juventus"
678,2,4,1.9,4.5,3.9,2.6,173.1,12.3,22,7.8,"Napoli"
679,5,1.9,2.4,1.4,2.6,3.5,172.4,10.3,26.4,6.6,"Inter"
680,1,2,4.3,4.8,1.6,4.2,179.5,9.5,24.1,6.6,"Napoli"
681,5,2.7,3,5,2.2,2.2,168.6,12.4,21.9,7.4,"Milan"
682,4,2.2,2.4,3.9,2.9,4,175.6,9.8,24.7,6.4,"Juventus"
683,4,5,2.2,2.8,4,2.4,176.2,13,21.8,8.7,"Napoli"
684,2,4.3,1.4,2,3.5,1.2,167,10.4,18.5,7.2,"Juventus"
685,1,2.3,1.7,3.7,2.1,2,176.1,6.6,24.1,5.3,"Milan"
686,1,1.1,1.3,4.8,1.4,4.2,170.6,4.7,21.9,4,"Juventus"
687,4,1.4,4.1,2,4.3,3.5,170.9,8.6,26.9,6.2,"Milan"
688,4,1.6,4.8,3.5,4.1,2.4,171.6,11.7,21.2,7.3,"Inter"
689,4,4.7,1.9,2.2,3,1.4,168.9,13.9,21.1,8.1,"Juventus"
690,4,5,1.9,4.1,3.8,1.7,174.5,14.6,22.3,8.3,"Inter"
691,2,2.9,3.8,3,3.7,2.9,172.6,8.1,23.1,6.4,"Juventus"
692,5,2.4,2.5,3.8,1.9,4.1,174.1,14.8,23.1,8.3,"Inter"
693,3,3.8,3.4,3.2,4.9,1.6,174.6,11.7,22.5,7.1,"Inter"
694,1,2.4,2.1,4.2,4.2,1.9,178.4,8.9,19.8,6.7,"Juventus"
695,4,2.6,2.4,3.7,3.5,4.9,174.8,9.7,22.3,6.1,"Juventus"
696,3,4.9,1.7,1.4,4.4,2.2,171.3,10.9,23.4,7.3,"Juventus"
697,1,2.7,3.4,2.1,4.6,3.1,169.7,5.4,22,5.8,"Juventus"
698,1,4.8,1.3,1.9,1.7,4.6,165.6,12.6,23.1,7.6,"Inter"
699,5,4.9,4,4.7,2.9,2.1,163.1,12.7,21.4,8.3,"Napoli"
700,4,4.6,2,4.3,2.3,3.3,177.8,12.2,23.5,7.8,"Milan"
701,2,1.8,1.6,4.5,2.5,4.5,174.1,4.6,24,4.8,"Juventus"
702,3,3.3,3.9,3.6,3.2,1.8,171.8,9.3,18,7.5,"Milan"
703,2,4.7,1.7,2.7,3.3,2.2,162.6,13.2,23.6,8.2,"Juventus"
704,4,3.6,2.8,4.1,2.7,2.6,174.6,12.4,20.6,8.1,"Juventus"
705,5,4,3.3,1.7,3.5,3.4,180.6,14.3,23.9,8.4,"Juventus"
706,5,3.9,4.4,1.3,4.9,4.4,171,13.5,22.3,8.1,"Juventus"
707,2,3.7,2.9,3.8,5,3.6,177.1,7.2,23.2,6.9,"Juventus"
708,3,2.1,2.1,4,3.1,4.8,169.2,7,26.1,5.4,"Inter"
709,2,2,2.8,3.3,3.2,4.8,174.6,8.1,20.4,6.6,"Napoli"
710,1,2.9,3.1,1.1,4.4,3.7,171.7,8.2,21.4,6.1,"Milan"
711,4,3.5,4.2,3.8,4.6,2.8,173.5,10.6,20.3,7.9,"Napoli"
712,4,1.5,1.5,3.2,1.9,4.5,172.3,5.8,18,5.2,"Inter"
713,5,2.5,2.4,4.9,3,1.6,166.7,14,22.1,7.7,"Napoli"
714,1,2.9,2.9,1.4,1.8,1.2,168.6,7.5,20.2,6.4,"Juventus"
715,2,1.8,4.5,4.8,2.5,4.6,174,8.5,20.5,7.1,"Inter"
716,2,1.8,3.8,1.2,5,1.5,175.7,9.8,23.9,6.8,"Juventus"
717,3,1.8,4.3,4.9,2.8,3.4,176.1,7.4,24.2,6.7,"Inter"
718,4,1.5,4.9,4.9,1.7,4.6,173.6,8.2,19.7,7.1,"Inter"
719,1,4.7,2.4,2.9,1.1,1.6,174.7,8.5,18.8,6.7,"Inter"
720,1,4.1,4.2,3.6,2.6,3,168.4,9,21.6,7.6,"Milan"
721,5,4.9,3.7,4.9,3.5,4.8,168.5,10.9,21.2,8,"Napoli"
722,4,4.2,4.5,1,1.5,1.9,164.9,13.7,21.6,8.1,"Juventus"
723,3,3.5,1.3,4.8,3.7,3.1,176,8.4,17.4,6.9,"Juventus"
724,3,4.8,2.1,1.1,4.4,3.7,176.2,10.5,21.1,7.6,"Inter"
725,1,4.7,3.7,5,2.8,4.8,172.3,7.9,23.1,7.2,"Juventus"
726,2,3.8,1.8,2.1,1.7,2.6,167.8,7.3,24.9,5.4,"Milan"
727,2,2.2,3.7,2.6,1.4,4.7,165.8,9,21.5,7.2,"Inter"
728,3,2.8,1.4,2,2.8,4.7,165.9,9.9,23.5,6.3,"Juventus"
729,2,4.5,1.7,2.1,1.1,1.2,168.7,6,25,5.8,"Napoli"
730,2,3.9,3.8,4.1,3.9,2,169.1,9.6,23.4,7.8,"Inter"
731,2,4.2,3.5,2.4,2,1.1,176.6,10.6,17.5,7.9,"Juventus"
732,3,2.1,3.4,2.5,2.8,1.5,168.8,9.8,24.5,6.7,"Juventus"
733,2,1.2,1.4,1.5,2.2,4.3,170.8,6.9,21.6,5.2,"Napoli"
734,5,2.6,2.4,4.9,2.9,2.6,179.7,12.9,22.7,7.8,"Juventus"
735,1,3.8,2.8,2.6,2,2.6,171.6,9.4,25.6,6.8,"Juventus"
736,3,3.3,3.9,2.8,2.2,2.5,166.2,11.8,24.4,7.8,"Inter"
737,1,2.9,2.9,2.4,1.4,3.3,171.3,4.5,19.8,6.2,"Milan"
738,4,2.3,4.5,5,3.2,2.3,172.7,7.6,21.4,6.3,"Milan"
739,1,3.5,2.5,2.3,3.4,1.6,166,8.1,21.7,6.6,"Milan"
740,5,4.5,3.9,1.6,2.7,4.9,177.3,13.3,20.6,8.2,"Milan"
741,2,4.3,4.7,3.1,2.8,1.7,167.5,11.7,20.6,8.5,"Napoli"
742,3,1.8,4.4,4.3,2.6,1.3,169.2,11.6,25.4,7,"Milan"
743,1,2,3.2,2.5,4.9,4.8,163.7,5.1,23.1,5.1,"Inter"
744,1,4.5,2.7,2.8,1.2,3.1,170.6,8.2,22.6,7.1,"Napoli"
745,3,4.5,2.9,4,1,1.5,171,9.4,22.4,6.9,"Juventus"
746,2,4,3.1,1.3,2.2,2.5,172.5,8.2,21,6.7,"Juventus"
747,5,2.6,4.9,2.1,1.1,1.5,171,10.9,24.1,7.3,"Inter"
748,5,3.6,1.2,4.7,3.7,2.1,168.2,13.7,21.3,8,"Juventus"
749,4,3,4.6,2.3,3.8,2.1,178.6,8.1,25.3,6.2,"Napoli"
750,2,4.4,2.1,4.1,1,3.2,166.2,10.9,23.4,7.9,"Juventus"
751,5,2.8,1.8,3.8,4.6,3.8,175.3,6.6,21.2,5.9,"Juventus"
752,1,4.3,1.1,2.1,2,1,178.4,9.8,24.2,6.7,"Milan"
753,2,4.2,4.9,3.1,2,1.9,169.1,9.6,20.7,8.1,"Milan"
754,2,3.9,1.8,2.7,1.5,4.1,167.6,11.7,21.3,7.4,"Juventus"
755,3,3.3,2.4,2.7,1.5,3.1,175.4,10.4,19,7.6,"Juventus"
756,2,3.7,2.8,1.6,3.2,4.2,162.6,6.9,26,5.7,"Juventus"
757,2,1.5,4.8,3.6,2.7,3.2,167.4,10,18.7,7.4,"Napoli"
758,2,2.7,2.9,1.5,1.1,1.5,174.1,6.8,20.6,5.5,"Milan"
759,1,1.2,1.8,4.8,1.3,2.7,175.4,5.9,22.5,5.2,"Juventus"
760,3,3.6,2.4,4.8,3.4,4.1,167.1,10.5,22.7,7.1,"Napoli"
761,3,4.9,4.5,2,4,4,179.1,11.7,22.3,7.8,"Napoli"
762,4,1.3,4.7,4.7,4.2,5,174.1,10.1,17.4,8.1,"Juventus"
763,1,1.1,3.5,2.8,5,3.5,167.6,4.1,26.3,4.8,"Juventus"
764,2,2.5,3.9,3.9,1.7,2.7,164.9,9.8,23.4,7.1,"Napoli"
765,1,1.9,4.1,2.4,2.4,3.7,176.2,5.3,21.2,5.5,"Milan"
766,2,3.9,1,3.8,2,4.4,175.4,10.4,19.6,7,"Juventus"
767,1,3.4,3.8,1.7,3.8,4.8,177.4,7.1,19.1,6.3,"Juventus"
768,1,4.3,4,4.8,3.9,4.5,166.8,7.6,19.3,7,"Inter"
769,4,1.5,2.8,1.3,3.7,4.6,175.8,6.7,22.9,5.7,"Juventus"
770,1,2.9,2.4,2.2,1.2,4.1,174.2,5.2,21.3,5.6,"Milan"
771,2,3.7,1.6,3.5,2.9,4.7,173.6,9.6,21.1,7.2,"Milan"
772,1,4,1.9,3,3.8,1.8,172.4,8.9,23.1,6.4,"Napoli"
773,2,3.2,4.4,2.3,4.7,3,170.5,9,18.7,7.5,"Juventus"
774,1,3,3.2,1.8,3,2,174.5,7.5,19.3,5.9,"Milan"
775,2,4.5,1,4.7,1.7,3.7,171.1,5.8,21.6,6.2,"Napoli"
776,3,3,2.3,1.4,3.9,4.3,175.2,12.4,22.8,6.8,"Inter"
777,4,1.2,2.8,3.2,4.8,2,173.4,9.6,24.4,6.5,"Inter"
778,5,2.6,1.2,3.1,1.1,1.4,176,11.4,18.6,7.3,"Inter"
779,3,1.6,1.4,3.9,3.7,1.8,177,12.6,23,6.9,"Milan"
780,5,1.9,3.9,3.4,2.5,1.8,169.8,10.1,20.2,7.3,"Inter"
781,2,1.2,3.6,4.6,1.4,1.4,168.6,5.4,26.8,5.7,"Juventus"
782,1,1.9,4.1,2.7,3.8,3.6,164.9,5.7,23.5,5.6,"Juventus"
783,2,1,4.2,3.7,2.2,4.7,176,5.3,18.5,6.2,"Juventus"
784,4,1.1,4.2,2.7,1.3,3.1,169.1,11,24.6,6.5,"Napoli"
785,2,4.4,1.3,2.3,3.7,1.1,177.8,9,21.8,7,"Napoli"
786,2,2.6,1.8,1.1,1.6,4.2,177.4,8.2,15.2,6.4,"Milan"
787,4,4.6,1.5,3.6,1.5,1.6,178.3,13.5,18.8,8.4,"Inter"
788,5,2.4,2.8,4.4,2.3,2.2,180.2,13.5,22.1,7.6,"Inter"
789,5,3.6,2,3.5,4.3,3.4,166.7,13.9,19.2,8.1,"Milan"
790,2,2.8,3.3,2.5,2,4.7,173.6,9.8,23.6,7,"Juventus"
791,3,3.6,1.8,2.4,1.2,4.9,169.7,9.8,20.4,7.1,"Juventus"
792,4,4.8,3.8,4.3,4.1,3.7,176.7,12.6,21.5,8.1,"Inter"
793,3,3.8,2.3,3.4,1.9,1.4,167.1,10,21.8,6.9,"Napoli"
794,4,4.2,2.5,1.8,2.8,4.2,165.4,10.9,22.5,6.9,"Juventus"
795,1,3.8,3,2.1,3.4,4.2,164.1,6.2,21.1,6.3,"Napoli"
796,1,2.1,3.5,4.3,3.5,2.3,178.8,9.2,19.7,7,"Juventus"
797,3,3.2,1.3,3,1.2,1.7,175.7,10.6,25.5,6.3,"Inter"
798,4,2.1,2,2.4,2.1,3.5,174.8,11.2,21.8,6.9,"Juventus"
799,2,3.8,4.2,1.4,4.7,2.7,178.6,10.8,21.6,7.4,"Napoli"
800,3,3.2,4.2,4,1.6,1.3,174.9,10.7,17,8.1,"Juventus"
801,2,1.6,4.6,4.5,1.5,2,173.5,8.4,18.4,7.4,"Inter"
802,3,1.4,4.9,3.8,1.6,3.4,166.5,9.5,20.9,7,"Inter"
803,1,3.5,3.7,1.3,3.8,1.6,168.7,9.8,21.8,7,"Milan"
804,3,3.5,2.9,1.3,4.3,2.4,170.8,11,23.1,6.9,"Milan"
805,1,2.9,4.9,1.1,2.4,2.5,174.1,9.7,23.4,7.2,"Napoli"
806,1,4.7,2.3,1.5,2.9,1,178.8,9.8,20.7,7.4,"Inter"
807,2,5,3.6,2.7,3.1,1.7,158.4,13.4,20.9,8.5,"Napoli"
808,2,4,2.7,2,3.8,2.6,169.6,10.1,23.4,7.2,"Napoli"
809,3,4.1,2.7,2.8,3.7,2.8,171.8,11.5,22.4,7.4,"Milan"
810,3,2.3,4.7,1.4,1.2,2.2,168.1,11,21.1,7.2,"Inter"
811,5,3.9,2.9,2.6,1.6,2.8,168.2,13.5,23.7,8.4,"Inter"
812,3,3.1,1.4,3.8,3.8,4.4,167.2,7.8,22.2,5.9,"Juventus"
813,3,1,4,4.4,4,4.5,171,9,24,6.6,"Juventus"
814,5,4.9,3.7,2.4,2.9,2.7,173.6,12.3,22.1,8.1,"Juventus"
815,4,1.7,3.6,2.7,2.2,2.1,172.5,9.5,21.2,7.1,"Juventus"
816,1,4.7,1.9,4.1,1.5,2.9,171.7,9.2,24.3,6.9,"Milan"
817,3,3.5,2.7,2.1,2.3,1.2,175,7.5,19.2,5.9,"Napoli"
818,2,4.2,3.1,4.8,1.6,1.8,160.3,10.3,25.7,7.4,"Inter"
819,5,2.5,4.7,4.3,4,1.4,169.1,14.2,19.5,8.6,"Juventus"
820,2,2,4.1,3.3,2.1,2.1,175.6,5.3,19.2,6,"Milan"
821,1,2.3,4.3,1.9,3.5,2.1,166.7,6.6,23.8,6.2,"Milan"
822,1,1.1,1.4,2.4,2.7,4.7,179.4,5.9,21.3,5,"Juventus"
823,1,2,2.7,4.6,2.4,1.7,162.2,4.8,22.8,5.6,"Milan"
824,5,2.9,2,5,2.7,1,174,11.1,19.4,7.8,"Juventus"
825,5,1.4,4.4,2.4,2.6,2.1,170.5,13,22.3,7.5,"Juventus"
826,3,2.9,4.3,3.9,2.5,3.7,177.9,10.5,19.4,7.8,"Napoli"
827,3,4.4,3.6,3.4,2.9,1,175.6,11.1,19.8,8.1,"Juventus"
828,1,4.9,2.3,1.4,4.9,4,176,9,18.9,6.7,"Inter"
829,4,3.6,1.8,5,2,2.6,175.1,15.1,21.3,8.3,"Napoli"
830,1,4.5,2,4.7,4.8,3,176.5,6.7,22.9,6.7,"Juventus"
831,3,1,4.6,1.7,4.4,2.5,170.9,8.5,23.9,6.3,"Inter"
832,2,3.2,4.5,2,2.8,1.2,179.2,4.9,24.2,5.9,"Inter"
833,2,3.3,1.5,3.8,2.1,3.6,175.6,7.4,22.1,5.8,"Inter"
834,5,3.1,3.7,4.9,2.4,4.6,170.2,13.8,19.9,8.4,"Inter"
835,2,2.2,3.4,2,1.3,3.4,166.2,6,19.7,6,"Juventus"
836,4,2.3,4.3,1.4,3.9,1,168.2,13.2,20.1,8.2,"Napoli"
837,2,3.1,2.2,2.2,4.5,1,166,8.2,22,7,"Juventus"
838,1,2.1,3.4,2.3,3.9,3.1,166.8,5.1,23.4,5.3,"Inter"
839,3,4.7,1.6,4,1.6,3.1,166.5,13.8,19.5,8.9,"Juventus"
840,1,3.6,1.7,1.9,2.1,1.2,174,7.2,19.5,6.2,"Milan"
841,4,2.5,3.9,4.9,3,2.6,172.1,11.3,22.3,7.9,"Inter"
842,5,1.7,2.4,4.6,4.5,3.6,178.8,14.4,20.4,8.1,"Napoli"
843,1,4.2,2,2,4.3,2,169.2,8.5,22.9,6.4,"Inter"
844,1,1.3,1.2,2.7,3.2,3.1,176.4,6.8,24.6,5,"Juventus"
845,5,1.5,5,4.8,2.1,2.8,163.7,7.2,22.8,6.8,"Napoli"
846,3,1.3,2.2,1.8,2.6,2.2,170.8,7.8,20.6,5.8,"Napoli"
847,5,4,3.4,1.7,1,1.1,169.2,10.8,21.4,7.9,"Inter"
848,3,4.2,3.1,1.6,3.7,2.8,169.9,8.5,23.4,6.7,"Napoli"
849,4,2,3,4.5,4.4,2.3,173,10.2,22.9,7,"Juventus"
850,4,3.2,4.9,2.9,3.3,1.2,172.6,11.4,16.6,8,"Milan"
851,1,2.7,1.3,1.5,3.4,3.4,168.5,8,20.3,6.1,"Juventus"
852,5,2.6,4,1.5,1.3,3,171.4,13.8,20.4,7.7,"Juventus"
853,5,2,4,1.3,3.3,1.1,171.3,9.4,21.7,6.5,"Inter"
854,1,4.7,1.2,2.7,4.6,3.6,177.1,8.7,21.7,6.4,"Napoli"
855,1,2.9,3.9,2.2,3.1,4.4,175,7,20.9,6.6,"Milan"
856,3,1.5,1.2,1.3,2.6,3,175.2,9.7,20.7,5.9,"Napoli"
857,3,3,1.6,3.2,3.2,1.7,170,12.9,22.8,7.6,"Inter"
858,3,3.4,3.6,3.7,3.7,4.7,172.8,11.1,21.6,7.6,"Milan"
859,2,1.8,3.7,3.1,3,3.6,169.5,5.7,21,5.7,"Milan"
860,3,4.7,2.5,2.7,2,4.7,169,12.2,22.8,7.9,"Milan"
861,3,1.2,1.4,3.5,1.1,4.7,170.6,5.4,20.9,5.3,"Juventus"
862,1,1.2,1.9,1.2,4.2,1.3,176.5,6.8,18.9,5.6,"Milan"
863,2,1.2,4.8,3.5,3.4,4.5,170.8,7.4,18.7,6.4,"Juventus"
864,2,3.5,2.5,3.4,4.3,1.9,167.3,8.6,23.3,6.3,"Inter"
865,1,3.4,1.3,2.5,4.5,1.4,167.1,8.3,20.8,5.9,"Juventus"
866,1,2.9,1.5,3.2,4.8,4.3,167.2,7.7,23.5,5.8,"Juventus"
867,2,3.3,3.4,4.7,2,1.9,181.6,9.8,20.8,7.7,"Juventus"
868,3,4,4.9,3,3.6,3.1,175.7,8.2,18.5,8.1,"Juventus"
869,4,4.2,3,3.3,2.4,4.8,175.2,13.3,24.6,7.7,"Inter"
870,1,2.9,2.5,3.1,1.3,4.8,172.8,5.9,23.5,5.4,"Juventus"
871,1,1.9,3.4,3.1,1.5,3.3,167.6,5.6,23.2,5.4,"Juventus"
872,3,3.6,4.6,2.2,4.8,3.4,174.8,10.1,21.6,7.9,"Milan"
873,2,1.1,1.8,2.2,3.8,4,165.5,4.7,21,4.8,"Juventus"
874,1,4.7,1.5,3.2,2.2,1.6,171.9,11,18.5,7.5,"Juventus"
875,2,2.4,2,3.3,3.8,4.9,167.4,9.1,21.1,6.9,"Juventus"
876,4,3.4,3.1,4.4,2.4,4.5,169.5,13.1,22.1,8.4,"Juventus"
877,5,1.2,2.9,1.7,1,4.9,168.8,9.1,21.7,5.9,"Milan"
878,3,3.6,4.5,3,2.8,2.2,166.8,11.9,19.5,8.3,"Juventus"
879,1,2.3,4,2.5,2.8,2.8,172.5,11.6,23.1,7,"Napoli"
880,3,1.7,3.4,1.6,1.6,1.6,165.7,8.4,24.9,5.7,"Juventus"
881,5,2.4,2.8,2.1,1.7,4.1,171.9,13.8,22,7.6,"Inter"
882,3,2.4,1.7,1.7,1.1,2,175.1,6.5,20.5,5.7,"Juventus"
883,3,4.7,2.3,3.2,1.3,2.7,173.8,14.5,23,8.2,"Juventus"
884,5,4.6,3.7,2.1,1.5,2.3,170.1,16,22.8,9.1,"Napoli"
885,1,4.1,3.1,3.4,2.8,4.1,168.7,9.7,25.5,6.7,"Napoli"
886,1,1.1,1.3,3.9,1.8,1.7,169.8,5.9,22.3,5.4,"Inter"
887,1,4.2,3.4,4.3,2.4,2.3,172.4,8.9,26.6,6.9,"Napoli"
888,1,2.8,4.5,2.1,1.6,1.8,171.5,5.1,21.3,5.5,"Juventus"
889,2,4.9,2.1,2.2,2.3,3.2,168.9,7.9,24,6.5,"Juventus"
890,1,4.8,4.2,3.1,1.6,4.6,169.8,9.4,25.6,7.3,"Juventus"
891,2,3.8,3.3,4.4,3.1,3.9,168.9,7.4,19.1,7.5,"Juventus"
892,2,2.8,3.1,3.5,4.1,2.2,176.6,8.6,22.6,6.2,"Napoli"
893,3,4.7,2.2,2.5,3.6,1.1,162.7,10.3,25.3,7.1,"Inter"
894,1,3.7,4.1,5,4,3.4,173.6,10,22.2,7.7,"Juventus"
895,4,2.1,3.4,4.9,4.9,2.8,175,11,24.7,7.4,"Juventus"
896,5,3.5,3.4,1.3,1.4,1,169.1,12,21.1,7.1,"Inter"
897,3,2,4.2,1,2.4,3.4,173.6,11.5,25,7.1,"Napoli"
898,3,4.6,2,1.1,4.4,1.2,179.3,14.6,22.5,8.1,"Inter"
899,2,3.4,4.2,1,4.6,3.9,181.5,8.5,19,7.4,"Inter"
900,3,4.5,1.4,3.6,3.5,4.8,173.3,8.6,17.5,7,"Milan"
901,1,3.6,2.1,4.2,4.6,1.1,178.6,9.7,19.5,6.6,"Inter"
902,4,4,2.7,3.8,2.7,2.3,177.8,12.7,18.8,7.7,"Juventus"
903,1,1.6,2.9,4.9,4,3.5,177.3,6.6,20.6,6,"Juventus"
904,1,4.2,2.5,3.9,1.7,4.4,173.7,8.8,23.7,6.7,"Juventus"
905,1,2.4,1.6,4,4.6,2.1,173.9,8,21.6,6.5,"Milan"
906,4,1.3,3.4,3.7,3.5,4.4,165.2,11.3,22.1,7.2,"Milan"
907,2,2.9,3.8,4,3.1,1.1,178.2,7.2,19.6,6.9,"Juventus"
908,4,4.6,3.1,2.4,3.9,4.4,177.2,15.6,19.7,9,"Juventus"
909,1,1.3,4.6,1.8,4.5,2.9,182.7,8.2,23.6,6,"Juventus"
910,3,3.1,1.5,3.6,1.3,3.5,174,9.7,17.3,7.2,"Napoli"
911,2,3.6,4.7,4.7,2.5,4.7,172.9,10.5,20.1,8.1,"Milan"
912,4,1.1,4.3,3.7,3.4,3.7,171.3,7.3,24.1,6,"Milan"
913,3,4.2,1,2.4,3,3.1,172.6,8.7,24.6,6.3,"Juventus"
914,4,1,4.8,1.4,3.6,1,165.9,9.5,23.5,6.3,"Juventus"
915,2,4.8,4.9,4.4,3,3,173.2,10.9,22.4,7.6,"Napoli"
916,4,4.3,3.2,2,3.7,4.1,167.8,14.6,25.8,8.2,"Inter"
917,5,2,4.7,1.9,4.2,2.1,180.9,9.8,21,7.5,"Juventus"
918,4,1.2,2.6,2.8,3.7,2,163.9,8.6,22,6.3,"Napoli"
919,3,3.1,2.6,3.7,2.9,3.2,169.8,11.9,23.9,6.9,"Juventus"
920,2,1.2,4,4.2,2.5,2.9,176.4,6.6,25.4,5.5,"Juventus"
921,3,3.1,3.1,4,2.1,4.4,172.9,11.1,18.2,8,"Napoli"
922,2,4.2,2.9,2.2,4.1,3.9,166.7,8.6,24.1,6.1,"Inter"
923,4,4.9,4,1.1,4.9,4.1,170.6,11.8,20.8,8.3,"Milan"
924,4,1.7,3.5,4,1,4.8,168,9.1,20.7,6.5,"Inter"
925,1,1.1,1.3,1.6,2.5,3.2,166.8,4.4,18.5,4.2,"Napoli"
926,5,3.2,4.6,3.9,2.1,3.9,172.1,13.2,28.5,8,"Inter"
927,3,1.4,3.8,2.7,2.6,1.5,172.3,8.3,20.8,5.9,"Napoli"
928,3,2.3,1.1,4.6,3.9,2.6,170.9,10.9,21.5,7,"Milan"
929,5,4.6,3.6,3.7,1.2,2.4,172.1,11.6,24.6,7.3,"Napoli"
930,3,2.5,4.9,3,1.5,3.6,183.7,10.5,23.1,7.6,"Inter"
931,4,4.8,3.9,2,4.7,3.2,172.7,12.2,24.5,7.7,"Milan"
932,2,2.4,2.3,4.3,3.8,4.2,172.6,9.4,25.9,6.3,"Napoli"
933,2,4.5,3.4,1.6,4.3,1.7,173.3,12.2,20.8,7.6,"Inter"
934,1,2.1,3.6,1.9,3.4,2.5,175.3,5.1,22.7,5.9,"Inter"
935,5,4.2,1,2.4,2.2,2.8,178.3,14.1,21,8,"Milan"
936,1,2.9,4.2,4.6,2.2,2,172.5,9.4,21.5,7.1,"Inter"
937,2,3,4.3,5,2.8,3,172.4,11.8,21.7,7.9,"Inter"
938,3,2.2,3.9,4.2,4.5,3.1,180.9,8.4,23.2,6.6,"Juventus"
939,1,4.3,1.1,1.7,1.3,4.5,175.5,7.8,19.7,6.1,"Juventus"
940,1,3.9,3.4,2.3,1.7,1.2,173.5,10.5,20.1,7.6,"Inter"
941,5,4.8,3.4,2.1,2.3,1.4,164.5,14.8,19,8.9,"Napoli"
942,5,4.4,3.1,3.7,1.4,3.6,176.6,14.3,21.4,8.5,"Juventus"
943,2,3.6,2.5,3.1,3.1,2.5,173.7,7.1,24.5,5.9,"Inter"
944,3,4.6,4,1.9,4.3,2.9,178.3,10.7,19,7.6,"Napoli"
945,5,3.6,3.8,1.4,1.4,2.4,184.3,13.3,18.6,8.2,"Juventus"
946,1,1.4,2.7,3,3,1.8,171.2,8,21.2,5.8,"Juventus"
947,1,2.2,4,2.9,4.2,3.7,177.3,9.7,18.3,7,"Juventus"
948,1,3.4,1.6,4.1,3.1,4.9,174.5,5.5,23.9,5.2,"Inter"
949,1,3.9,4.9,2.5,1.6,1.5,164.1,8.3,22.7,6.8,"Inter"
950,1,4.5,2,3.5,3.7,2.4,169.9,8.6,20.8,7.4,"Inter"
951,4,4.3,1.9,3.5,3,3.5,174.2,9.6,23.8,7.1,"Napoli"
952,3,2.4,2.9,3.1,2,1.5,170.3,6.1,21,6,"Napoli"
953,3,3.6,3.1,4.5,1.2,1.3,165.8,8.6,20.4,7.2,"Juventus"
954,1,2.7,4.7,1.8,3.5,1.1,172.7,6.3,19.7,6.4,"Inter"
955,2,2.3,4.5,4.1,1.5,4.7,173.8,6.2,20.6,6.6,"Inter"
956,4,4,2.6,3.3,1.7,1.9,176.2,12.2,24.8,7.6,"Inter"
957,3,4.8,4,3.7,1.1,4.3,177.7,10.4,24,7.9,"Inter"
958,3,1.6,4.3,2.9,3.7,4.9,175.2,12.3,23.5,7.5,"Napoli"
959,1,4,2.7,4.4,4.5,4.3,169.9,8,23.8,6.1,"Milan"
960,2,2.2,4.7,4,3,1.1,183.4,7.8,21.4,6.7,"Napoli"
961,5,3.4,4.3,2.1,3.3,1.7,173,13.6,21.8,7.9,"Juventus"
962,5,4.2,4.4,1,3,4.8,171.4,12.7,19.1,8.4,"Napoli"
963,1,2.8,4.5,3.4,4.1,2.3,173.2,5.4,22.3,6.2,"Napoli"
964,2,2.8,2.9,3.4,4.8,4.1,171.7,9.6,19.7,7,"Milan"
965,5,1.2,1.5,2,4.4,1.6,175.2,8.9,18.9,6.3,"Napoli"
966,1,4.8,3.4,3.9,3.2,3.4,170.4,10,20.2,7.6,"Inter"
967,2,2.1,3,4.9,3.6,3.1,170,8.8,20.3,6.5,"Milan"
968,1,4.1,2.2,1.3,4.4,2.3,170.2,6.1,23.7,5.8,"Juventus"
969,2,1.7,3.1,1.1,2.2,1.7,172.4,9.3,25,6.1,"Napoli"
970,4,3.4,2.8,3.1,1.8,2.4,167.7,8.6,24.1,6.5,"Napoli"
971,1,4.1,4.7,2.7,4.5,4.4,177.5,9.1,21.4,7.5,"Inter"
972,2,4.9,4.4,1.8,2.3,4.2,174,10.7,23.2,8.1,"Milan"
973,2,4,2.5,2.8,1.6,3.9,176.5,8.3,22.8,6.9,"Juventus"
974,4,4.7,2.4,2.3,3.8,4.3,177.1,12.2,20.8,7.8,"Napoli"
975,5,4.4,1.6,5,4.8,2.4,166.8,13,19.9,7.8,"Milan"
976,2,4.6,4.7,3.8,4,2.1,171,9.3,23.4,7.2,"Juventus"
977,5,1.3,1.1,1.3,1.6,3.3,182.8,12.4,21.8,6.7,"Napoli"
978,3,3.1,1.1,2.7,2.5,3.7,166.7,10.9,22.9,6.6,"Inter"
979,1,2.4,2,2.1,1.8,1.8,178,6.2,22.6,5.6,"Milan"
980,3,1.1,4.6,1.6,4.2,2.9,177,5.1,21.8,5.8,"Milan"
981,1,4.3,4.4,1.3,2.5,3.5,174.1,8.4,23.9,7,"Juventus"
982,1,4.6,2.5,1.3,2.7,3,178.9,7.2,20.3,6.3,"Inter"
983,2,3.7,1.9,4.7,4.5,1.5,165.4,9.9,22.6,7.3,"Juventus"
984,3,1.4,3.1,1.1,3.1,4.8,175.5,4.9,21.3,5.1,"Napoli"
985,2,3.3,2.6,1.2,4.8,4.7,181,6.9,23.4,6.4,"Juventus"
986,1,1.2,3.4,1,3.8,1.6,176.6,3,22.4,4.5,"Juventus"
987,4,1.2,1.6,3,3.2,1.5,167.8,9.6,20.1,6.7,"Inter"
988,4,4.1,1.5,3.3,4,4.1,171.3,11.9,21.4,7.7,"Inter"
989,5,2.7,2.2,3.3,1.5,1.2,174.5,10.1,24.3,6.5,"Juventus"
990,5,4.9,1.7,4.7,1.3,4.9,177.1,15.7,20.3,9.3,"Milan"
991,3,1.7,4.4,1.9,1.3,4.7,167.7,9.8,23.6,6.5,"Milan"
992,2,4.2,4.1,4.2,4.2,2,170.1,12.5,19.3,8.7,"Inter"
993,2,4.7,3.5,2.2,4.7,1.5,173.4,9.4,20.4,7.3,"Napoli"
994,5,4.5,4.5,1.2,3,4.8,171.2,19,23.8,9.9,"Inter"
995,5,1.3,4.1,1.3,1.5,1.8,169.8,11.3,21.9,6.7,"Milan"
996,1,3.7,3.4,4.4,3.2,4.6,167,7.5,25.3,6.2,"Juventus"
997,4,1.7,4.5,1.9,4.3,3.8,174.6,9,22,6.2,"Milan"
998,5,3.3,1.4,2.7,4.4,2.3,170.6,11.2,24.1,7.1,"Milan"
999,4,3.6,1.7,4,4.7,4.5,177.6,13.7,21.5,8.5,"Juventus"
1000,2,1.2,3.1,2,1.9,4.5,166.5,5.9,22.9,5.3,"Juventus"
